recommendation_id,source_url,target_url,anchor_text,placement_type,placement_section,suggested_sentence,relationship_type,relationship_class,market_match_score,technology_match_score,link_score,score_band,approved_by,recommendation_reason,editorial_note,updated_at
4eb626ea-6ccf-4cdd-b866-ae7dd0764a24,https://www.kenresearch.com/south-africa-e-learning-and-skills-platforms-market,https://www.kenresearch.com/russia-e-learning-skills-platforms-market,Russia E-Learning & Skills Platforms Market,contextual_body,Related Markets,The South Africa E-Learning and Skills Platforms Market worth USD 1.2 billion in 2025 is growing at a CAGR of 12.75% to reach USD 2.47 billion by 2031.,adjacent_market,adjacent_regional,1.0,1.0,97.0,priority,Codex PRD editorial review,"south-africa-e-learning-and-skills-platforms-market and russia-e-learning-skills-platforms-market pass the market/technology relevance gate as adjacent_regional (market 1.00, technology 1.00, confidence 0.90); link with anchor 'Russia E-Learning & Skills Platforms Market' [priority].","Link ""South Africa E-Learning and Skills Platforms Market Share, Companies & Trends Report 2025-2031"" to ""Russia E-Learning & Skills Platforms Market Share, Companies & Trends Report 2025-2031"" using the anchor ""Russia E-Learning & Skills Platforms Market"". Inside the existing ""Related Markets"" text, in the sentence: ""The South Africa E-Learning and Skills Platforms Market worth USD 1.2 billion in 2025 is growing at a CAGR of 12.75% to reach USD 2.47 billion by 2031."". SEO value: High. Business value: Medium. Low risk.",2026-08-12T07:59:34.154735+00:00
8ea3e56c-d518-4ffa-b214-5d65ea3ba629,https://www.kenresearch.com/turkey-nutritional-supplements-and-wellness-market,https://www.kenresearch.com/italy-nutritional-dietary-supplements-market,Italy Nutritional & Dietary Supplements Market,contextual_body,Related Markets,"The Turkey Nutritional Supplements and Wellness Market is poised for significant evolution, driven by increasing health awareness and technological advancements.",adjacent_market,adjacent_regional,0.777,1.0,87.5,strong,Codex PRD editorial review,"turkey-nutritional-supplements-and-wellness-market and italy-nutritional-dietary-supplements-market pass the market/technology relevance gate as adjacent_regional (market 0.78, technology 1.00, confidence 0.90); link with anchor 'Italy Nutritional & Dietary Supplements Market' [strong].","Link ""Turkey Nutritional Supplements Market"" to ""Italy Nutritional & Dietary Supplements Market Share, Companies & Trends Report 2025-2031"" using the anchor ""Italy Nutritional & Dietary Supplements Market"". Inside the existing ""Related Markets"" text, in the sentence: ""The Turkey Nutritional Supplements and Wellness Market is poised for significant evolution, driven by increasing health awareness and technological advancements."". SEO value: Medium. Business value: High. Low risk.",2026-08-12T07:59:34.154735+00:00
028065c9-fc14-4b57-bb66-87424c681b9b,https://www.kenresearch.com/oman-business-process-outsourcing-bpo-market,https://www.kenresearch.com/vietnam-customer-experience-business-process-outsourcing-market,Vietnam Customer Experience Business Process Outsourcing Market,contextual_body,Related Markets,"By Service Type: The service type segmentation of the Oman BPO market includes various subsegments such as Customer Support Services, Finance and Accounting Outsourcing, Human Resource Outsourcing, IT Services Outsourcing, Data Entry and Processing Services, Marketing and Sales Outsourcing, and Othe",adjacent_market,adjacent_regional,0.558,1.0,75.7,secondary,Codex PRD editorial review,"oman-business-process-outsourcing-bpo-market and vietnam-customer-experience-business-process-outsourcing-market pass the market/technology relevance gate as adjacent_regional (market 0.56, technology 1.00, confidence 0.85); link with anchor 'Vietnam Customer Experience Business Process Outsourcing Market' [secondary].","Link ""nan Market Size, Share, Outlook & Trends Report 2025-2031"" to ""Vietnam Customer Experience Business Process Outsourcing Market Share, Companies & Trends Report 2025-2031"" using the anchor ""Vietnam Customer Experience Business Process Outsourcing Market"". Inside the existing ""Related Markets"" text, in the sentence: ""By Service Type: The service type segmentation of the Oman BPO market includes various subsegments such as Customer Support Services, Finance and Accounting Outsourcing, Human Resource Outsourcing, IT Services Outsourcing, Data Entry and Processing Services, Marketing and Sales Outsourcing, and Othe"". SEO value: Medium. Business value: High. Low risk.",2026-08-12T07:59:34.154735+00:00
5114b72c-7797-45d0-b96a-989b4be0c1fa,https://www.kenresearch.com/industry-reports/indonesia-online-grocery-market,https://www.kenresearch.com/industry-reports/india-online-grocery-market,India Online Grocery Market,contextual_body,Market Overview,"Indonesia online grocery market is currently positioned at a growth stage, and increasing at a staggering double-digit growth rate during the period 2016 and 2021P.",same_market,regional,1.0,1.0,75.4,secondary,Codex PRD editorial review,"indonesia-online-grocery-market and india-online-grocery-market pass the market/technology relevance gate as regional (market 1.00, technology 1.00, confidence 0.90); link with anchor 'India Online Grocery Market' [secondary].","Link ""Indonesia Online Grocery Market, E-groceries"" to ""India Online Grocery Market, Market Growth"" using the anchor ""India Online Grocery Market"". Inside the existing ""Market Overview"" text, in the sentence: ""Indonesia online grocery market is currently positioned at a growth stage, and increasing at a staggering double-digit growth rate during the period 2016 and 2021P."". SEO value: High. Business value: High. Low risk.",2026-08-12T07:59:34.154735+00:00
783a55af-1502-4aa9-a245-c82cbfe2b07c,https://www.kenresearch.com/indonesia-coin-operated-commercial-laundry-market,https://www.kenresearch.com/thailand-coin-operated-commercial-laundry-market,Thailand Coin Operated Commercial Laundry Market,contextual_body,Market Overview,The Indonesia Coin-Operated Commercial Laundry Market worth USD 123 million in 2025 is growing at a CAGR of 10.83% to reach USD 228 million by 2031.,same_market,regional,1.0,1.0,70.7,secondary,Codex PRD editorial review,"indonesia-coin-operated-commercial-laundry-market and thailand-coin-operated-commercial-laundry-market pass the market/technology relevance gate as regional (market 1.00, technology 1.00, confidence 0.90); link with anchor 'Thailand Coin Operated Commercial Laundry Market' [secondary].","Link ""Indonesia Coin Operated Commercial Laundry Market Share, Companies & Trends Report 2025-2031"" to ""Thailand Coin Operated Commercial Laundry Market Share, Companies & Trends Report 2025-2031"" using the anchor ""Thailand Coin Operated Commercial Laundry Market"". Inside the existing ""Market Overview"" text, in the sentence: ""The Indonesia Coin-Operated Commercial Laundry Market worth USD 123 million in 2025 is growing at a CAGR of 10.83% to reach USD 228 million by 2031."". SEO value: High. Business value: Medium. Low risk.",2026-08-12T07:59:34.154735+00:00
424ad22e-a106-40f0-a088-c04a2d432578,https://www.kenresearch.com/mexico-nutritional-supplements-functional-foods-market,https://www.kenresearch.com/turkey-nutritional-supplements-and-wellness-market,Turkey Nutritional Supplements Market,contextual_body,Market Overview,"Comprehensive analysis of key factors shaping the Mexico Nutritional Supplements & Functional Foods Market, including growth catalysts, operational challenges, and emerging opportunities across production, distribution, and consumer segments.",same_market,regional,1.0,1.0,69.7,secondary,Codex PRD editorial review,"mexico-nutritional-supplements-functional-foods-market and turkey-nutritional-supplements-and-wellness-market pass the market/technology relevance gate as regional (market 1.00, technology 1.00, confidence 0.90); link with anchor 'Turkey Nutritional Supplements Market' [secondary].","Link ""Mexico Nutritional Supplements Market"" to ""Turkey Nutritional Supplements Market"" using the anchor ""Turkey Nutritional Supplements Market"". Inside the existing ""Market Overview"" text, in the sentence: ""Comprehensive analysis of key factors shaping the Mexico Nutritional Supplements & Functional Foods Market, including growth catalysts, operational challenges, and emerging opportunities across production, distribution, and consumer segments."". SEO value: Medium. Business value: High. Low risk.",2026-08-12T07:59:34.154735+00:00
7c722834-9eca-46c7-85fa-227144edfd51,https://www.kenresearch.com/vietnam-car-rental-mobility-solutions-market,https://www.kenresearch.com/articles/indonesia-car-rental-leasing-market-b2b-ota-dominance,Indonesia Car Rental Market,contextual_body,Market Overview,"Vietnam Car Rental & Mobility Solutions Market expected to reach $5.05 billion by 2031, growing at 15.84% CAGR, driven by rising tourism and electric fleets.",same_market,regional,1.0,1.0,67.1,secondary,Codex PRD editorial review,"vietnam-car-rental-mobility-solutions-market and indonesia-car-rental-leasing-market-b2b-ota-dominance pass the market/technology relevance gate as regional (market 1.00, technology 1.00, confidence 0.90); link with anchor 'Indonesia Car Rental Market' [secondary].","Link ""Vietnam Car Rental Market"" to ""Indonesia Car Rental Market Growth Driven by OTAs & B2B"" using the anchor ""Indonesia Car Rental Market"". Inside the existing ""Market Overview"" text, in the sentence: ""Vietnam Car Rental & Mobility Solutions Market expected to reach $5.05 billion by 2031, growing at 15.84% CAGR, driven by rising tourism and electric fleets."". SEO value: Medium. Business value: Medium. Low risk.",2026-08-12T07:59:34.154735+00:00
ea2d7b5d-107b-44d5-a4cc-4add450dd7ae,https://www.kenresearch.com/malaysia-personal-loan-market,https://www.kenresearch.com/articles/india-personal-loan-market-trust-gap,India Personal Loan Market,contextual_body,Market Overview,"The future of the personal loan market in Malaysia appears promising, driven by ongoing digital transformation and a growing middle-class population.",same_market,regional,1.0,1.0,64.2,hold,Codex PRD editorial review,"malaysia-personal-loan-market and india-personal-loan-market-trust-gap pass the market/technology relevance gate as regional (market 1.00, technology 1.00, confidence 0.90); link with anchor 'India Personal Loan Market' [hold].","Link ""Malaysia Personal Loan Market Share, Companies & Trends Report 2025-2031"" to ""India Personal Loan Market: Trust Deficit Reshapes Lending"" using the anchor ""India Personal Loan Market"". Inside the existing ""Market Overview"" text, in the sentence: ""The future of the personal loan market in Malaysia appears promising, driven by ongoing digital transformation and a growing middle-class population."". SEO value: Medium. Business value: Medium. Low risk.",2026-08-12T07:59:34.154735+00:00
808fcca6-4cbb-4b90-b3a9-f55fe1315a83,https://www.kenresearch.com/articles/india-personal-loan-market-trust-gap,https://www.kenresearch.com/malaysia-personal-loan-market,Malaysia Personal Loan Market,contextual_body,Supporting Analysis,"India's personal loan market surpassed INR 13.4 trillion in outstanding balances by March 2025 , growing at a ~22% CAGR since 2021 on the back of rising consumption credit, digital lending infrastructure, and the mainstreaming of BNPL and pre-approved loan products.",report_article_support,adjacent,1.0,1.0,63.4,hold,Codex PRD editorial review,"india-personal-loan-market-trust-gap and malaysia-personal-loan-market pass the market/technology relevance gate as adjacent (market 1.00, technology 1.00, confidence 0.75); link with anchor 'Malaysia Personal Loan Market' [hold].","Link ""India Personal Loan Market: Trust Deficit Reshapes Lending"" to ""Malaysia Personal Loan Market Share, Companies & Trends Report 2025-2031"" using the anchor ""Malaysia Personal Loan Market"". Inside the existing ""Supporting Analysis"" text, in the sentence: ""India's personal loan market surpassed INR 13.4 trillion in outstanding balances by March 2025 , growing at a ~22% CAGR since 2021 on the back of rising consumption credit, digital lending infrastructure, and the mainstreaming of BNPL and pre-approved loan products."". SEO value: Medium. Business value: Medium. Low risk.",2026-08-12T07:59:34.154735+00:00
033c5d6b-a2e4-4824-8de2-8eb0eea548f9,https://www.kenresearch.com/articles/ksa-automotive-market-competitive-shift,https://www.kenresearch.com/articles/ksa-automotive-growth-strategy-vision-2030,Saudi Arabia Automotive Market,contextual_body,Market Overview,"Japanese OEMs continue to lead Saudi Arabia automotive market , anchored by Toyota's 26.1% market share , reflecting a structural advantage in total cost of ownership (TCO) and resale value .",same_market,adjacent,1.0,1.0,63.1,hold,Codex PRD editorial review,"ksa-automotive-market-competitive-shift and ksa-automotive-growth-strategy-vision-2030 pass the market/technology relevance gate as adjacent (market 1.00, technology 1.00, confidence 0.90); link with anchor 'Saudi Arabia Automotive Market' [hold].","Link ""KSA Automotive Market 2025: Growth, Competition & OEM Shifts"" to ""KSA Automotive Market Growth Strategy Under Vision 2030"" using the anchor ""Saudi Arabia Automotive Market"". Inside the existing ""Market Overview"" text, in the sentence: ""Japanese OEMs continue to lead Saudi Arabia automotive market , anchored by Toyota's 26.1% market share , reflecting a structural advantage in total cost of ownership (TCO) and resale value ."". SEO value: Medium. Business value: Medium. Low risk.",2026-08-12T07:59:34.154735+00:00
152bf807-b392-4a05-98e3-708ac9c5b749,https://www.kenresearch.com/articles/indonesia-car-rental-leasing-market-b2b-ota-dominance,https://www.kenresearch.com/vietnam-car-rental-mobility-solutions-market,Vietnam Car Rental Market Outlook,contextual_body,Supporting Analysis,The Indonesian car rental and leasing market is being reshaped by rapid digitisation.,report_article_support,adjacent,1.0,1.0,61.5,hold,Codex PRD editorial review,"indonesia-car-rental-leasing-market-b2b-ota-dominance and vietnam-car-rental-mobility-solutions-market pass the market/technology relevance gate as adjacent (market 1.00, technology 1.00, confidence 0.75); link with anchor 'Vietnam Car Rental Market' [hold].","Link ""Indonesia Car Rental Market Growth Driven by OTAs & B2B"" to ""Vietnam Car Rental Market"" using the anchor ""Vietnam Car Rental Market Outlook"". Inside the existing ""Supporting Analysis"" text, in the sentence: ""The Indonesian car rental and leasing market is being reshaped by rapid digitisation."". SEO value: Medium. Business value: High. Low risk.",2026-08-12T07:59:34.154735+00:00
4d0fe816-4dff-4856-956f-ce66bcfe4669,https://www.kenresearch.com/global-silicone-market,https://www.kenresearch.com/bahrain-silicone-market,Bahrain Silicone Market,contextual_body,Global Context,"The future of the silicone market appears promising, driven by technological advancements and a growing emphasis on sustainability.",global_local,regional,1.0,1.0,61.1,hold,Codex PRD editorial review,"global-silicone-market and bahrain-silicone-market pass the market/technology relevance gate as regional (market 1.00, technology 1.00, confidence 0.80); link with anchor 'Bahrain Silicone Market' [hold].","Link ""Global Silicone Market"" to ""Bahrain Silicone Market Share, Companies & Trends Report 2025-2031"" using the anchor ""Bahrain Silicone Market"". Inside the existing ""Global Context"" text, in the sentence: ""The future of the silicone market appears promising, driven by technological advancements and a growing emphasis on sustainability."". SEO value: High. Business value: Medium. Low risk.",2026-08-12T07:59:34.154735+00:00
b6dff80f-058c-429d-bb13-9ae695bdaff8,https://www.kenresearch.com/case-studies/cold-storage-market-strategy-saudi-arabia,https://www.kenresearch.com/case-studies/uae-cold-storage-market-expansion-strategies,UAE Cold Storage Market,contextual_body,Market Overview,"Despite its growth potential, the cold-storage segment remained fragmented and under-served by modern Grade A facilities.",same_market,regional,1.0,1.0,60.9,hold,Codex PRD editorial review,"cold-storage-market-strategy-saudi-arabia and uae-cold-storage-market-expansion-strategies pass the market/technology relevance gate as regional (market 1.00, technology 1.00, confidence 0.90); link with anchor 'UAE Cold Storage Market' [hold].","Link ""Saudi Arabia Cold Storage Market Insights and Investment Opportunities"" to ""UAE Cold Storage Market Insights & Growth Strategies"" using the anchor ""UAE Cold Storage Market"". Inside the existing ""Market Overview"" text, in the sentence: ""Despite its growth potential, the cold-storage segment remained fragmented and under-served by modern Grade A facilities."". SEO value: Medium. Business value: Medium. Low risk.",2026-08-12T07:59:34.154735+00:00
709984aa-8797-41e0-a978-b4a3020c1390,https://www.kenresearch.com/articles/why-automation-is-cost-of-competing-malaysia-warehousing,https://www.kenresearch.com/articles/india-warehousing-market-future,India Warehousing Market,contextual_body,Market Overview,"The global AI warehousing market , valued at USD 11 billion in 2024 and projected to reach USD 45 billion by 2030 , reflects a structural shift toward intelligence-driven fulfilment as operators respond to tighter delivery SLAs, labour constraints, and e-commerce growth-pressures that closely mirror",same_market,regional,1.0,1.0,60.9,hold,Codex PRD editorial review,"why-automation-is-cost-of-competing-malaysia-warehousing and india-warehousing-market-future pass the market/technology relevance gate as regional (market 1.00, technology 1.00, confidence 0.90); link with anchor 'India Warehousing Market' [hold].","Link ""Malaysia Warehousing Market: Automation Is the Cost to Compete"" to ""India Warehousing Market Growth Driven by Grade A Shift"" using the anchor ""India Warehousing Market"". Inside the existing ""Market Overview"" text, in the sentence: ""The global AI warehousing market , valued at USD 11 billion in 2024 and projected to reach USD 45 billion by 2030 , reflects a structural shift toward intelligence-driven fulfilment as operators respond to tighter delivery SLAs, labour constraints, and e-commerce growth-pressures that closely mirror"". SEO value: Medium. Business value: Medium. Low risk.",2026-08-12T07:59:34.154735+00:00
9454642c-915d-4876-9568-8fdf33559928,https://www.kenresearch.com/vietnam-car-rental-mobility-solutions-market,https://www.kenresearch.com/case-studies/car-rental-market-entry-strategy-vs-risk-analysis,Global Car Rental Market,contextual_body,Market Overview,The Vietnam Car Rental & Mobility Solutions Market is worth USD 2.09 billion in 2025.,same_market,regional,1.0,1.0,60.7,hold,Codex PRD editorial review,"vietnam-car-rental-mobility-solutions-market and car-rental-market-entry-strategy-vs-risk-analysis pass the market/technology relevance gate as regional (market 1.00, technology 1.00, confidence 0.90); link with anchor 'Global Car Rental Market' [hold].","Link ""Vietnam Car Rental Market"" to ""Netherlands Car Rental Market Entry Strategy"" using the anchor ""Global Car Rental Market"". Inside the existing ""Market Overview"" text, in the sentence: ""The Vietnam Car Rental & Mobility Solutions Market is worth USD 2.09 billion in 2025."". SEO value: Medium. Business value: Medium. Low risk.",2026-08-12T07:59:34.154735+00:00
3e7f0ae8-2c09-4247-bec3-8ba25c778be9,https://www.kenresearch.com/industry-reports/nigeria-lubricants-market,https://www.kenresearch.com/articles/uae-lubricants-market-5-players-reshaping-profitability,UAE Lubricants Market Outlook,contextual_body,Market Overview,"Value growth will exceed volume growth because premium engine oils, synthetic formulations, OEM-approved products and application-specific industrial lubricants command higher realizations than conventional mineral oils.",same_market,regional,1.0,1.0,60.3,hold,Codex PRD editorial review,"nigeria-lubricants-market and uae-lubricants-market-5-players-reshaping-profitability pass the market/technology relevance gate as regional (market 1.00, technology 1.00, confidence 0.90); link with anchor 'UAE Lubricants Market' [hold].","Link ""Nigeria Lubricants Market, Nigeria Lubricants Industry"" to ""UAE Lubricants Market: 5 Players, OEM Access, Profit Shift"" using the anchor ""UAE Lubricants Market Outlook"". Inside the existing ""Market Overview"" text, in the sentence: ""Value growth will exceed volume growth because premium engine oils, synthetic formulations, OEM-approved products and application-specific industrial lubricants command higher realizations than conventional mineral oils."". SEO value: Medium. Business value: Medium. Low risk.",2026-08-12T07:59:34.154735+00:00
baa8e081-4d40-487d-a2b0-c88250f9fa16,https://www.kenresearch.com/articles/uae-taxi-market-productivity-growth-revenue-outpaces-fleet,https://www.kenresearch.com/middle-east-ride-hailing-taxi-market,Middle East Ride Hailing Taxi Market,contextual_body,Regional Coverage,"The expatriate share of the population has increased to 90% in 2025, reflecting a highly mobile workforce with flexible transportation needs.",country_region,adjacent_regional,0.332,1.0,59.7,hold,Codex PRD editorial review,"uae-taxi-market-productivity-growth-revenue-outpaces-fleet and middle-east-ride-hailing-taxi-market pass the market/technology relevance gate as adjacent_regional (market 0.33, technology 1.00, confidence 0.75); link with anchor 'Middle East Ride Hailing Taxi Market' [hold].","Link ""UAE Taxi Market Growth Driven by Revenue Productivity Shift"" to ""Middle East Ride Hailing Taxi Market Share, Companies & Trends Report 2025-2030"" using the anchor ""Middle East Ride Hailing Taxi Market"". Inside the existing ""Regional Coverage"" text, in the sentence: ""The expatriate share of the population has increased to 90% in 2025, reflecting a highly mobile workforce with flexible transportation needs."". SEO value: Medium. Business value: High. Low risk.",2026-08-12T07:59:34.154735+00:00
f30491e9-7a9d-4cb9-9311-6858a13d3c7f,https://www.kenresearch.com/articles/saudi-hospitality-market-future,https://www.kenresearch.com/articles/oman-hospitality-market-occupancy-rising-60-percent,Oman Hospitality Market,contextual_body,Market Overview,"Saudi Arabia's Hospitality market is projected to reach 18 billion by 2030, representing a CAGR of 5.03% .",same_market,regional,1.0,1.0,58.9,hold,Codex PRD editorial review,"saudi-hospitality-market-future and oman-hospitality-market-occupancy-rising-60-percent pass the market/technology relevance gate as regional (market 1.00, technology 1.00, confidence 0.90); link with anchor 'Oman Hospitality Market' [hold].","Link ""Saudi Arabia Hospitality Market Growth Driven by Tourism to 2030"" to ""Oman Hospitality Market: Occupancy Nears 60% as Demand Leads"" using the anchor ""Oman Hospitality Market"". Inside the existing ""Market Overview"" text, in the sentence: ""Saudi Arabia's Hospitality market is projected to reach 18 billion by 2030, representing a CAGR of 5.03% ."". SEO value: Medium. Business value: Low. Low risk.",2026-08-12T07:59:34.154735+00:00
63feef98-9568-40df-8ecb-42e4f3948a04,https://www.kenresearch.com/case-studies/lubricant-market-demand-mapping-malaysia-insights,https://www.kenresearch.com/articles/uae-lubricants-market-5-players-reshaping-profitability,UAE Lubricants Market Analysis,contextual_body,Market Overview,"Between 2023 and 2024 , Malaysia's lubricants and chemicals market underwent significant change driven by industrial expansion, increased automotive demand, and rising sustainability requirements.",same_market,regional,1.0,1.0,57.9,hold,Codex PRD editorial review,"lubricant-market-demand-mapping-malaysia-insights and uae-lubricants-market-5-players-reshaping-profitability pass the market/technology relevance gate as regional (market 1.00, technology 1.00, confidence 0.90); link with anchor 'UAE Lubricants Market' [hold].","Link ""Malaysia Lubricant Market Intelligence Driving 20% Growth"" to ""UAE Lubricants Market: 5 Players, OEM Access, Profit Shift"" using the anchor ""UAE Lubricants Market Analysis"". Inside the existing ""Market Overview"" text, in the sentence: ""Between 2023 and 2024 , Malaysia's lubricants and chemicals market underwent significant change driven by industrial expansion, increased automotive demand, and rising sustainability requirements."". SEO value: Medium. Business value: Medium. Low risk.",2026-08-12T07:59:34.154735+00:00
ab82d7c3-432d-4862-95f1-d8f29e67d550,https://www.kenresearch.com/articles/saudi-arabia-fitness-market-winner-strategy,https://www.kenresearch.com/case-studies/fitness-strategy-consulting-case-study-saudi-arabia,Saudi Arabia Fitness Market,contextual_body,Market Overview,"The Saudi Arabian fitness services market is witnessing rapid growth , evolving from a niche urban trend into a nationwide health and wellness ecosystem .",same_market,adjacent,1.0,1.0,55.7,hold,Codex PRD editorial review,"saudi-arabia-fitness-market-winner-strategy and fitness-strategy-consulting-case-study-saudi-arabia pass the market/technology relevance gate as adjacent (market 1.00, technology 1.00, confidence 0.90); link with anchor 'Saudi Arabia Fitness Market' [hold].","Link ""Saudi Arabia Fitness Market: Growth Shifts & Winning Models"" to ""Saudi Arabia Fitness Market Growth & Strategy"" using the anchor ""Saudi Arabia Fitness Market"". Inside the existing ""Market Overview"" text, in the sentence: ""The Saudi Arabian fitness services market is witnessing rapid growth , evolving from a niche urban trend into a nationwide health and wellness ecosystem ."". SEO value: Medium. Business value: Medium. Low risk.",2026-08-12T07:59:34.154735+00:00
966b1d0e-b36d-4b29-983d-8f9d5754d721,https://www.kenresearch.com/articles/indonesia-car-rental-leasing-market-b2b-ota-dominance,https://www.kenresearch.com/case-studies/car-rental-market-entry-strategy-vs-risk-analysis,Global Car Rental Market Outlook,contextual_body,Market Overview,"In effect, Indonesia's B2C industry rental market is consolidating around scalable digital ecosystems, where OTAs deliver reach and volume while rental apps strengthen direct control, making platform strategy, not physical presence, the key determinant of competitive advantage in short-term corporat",same_market,regional,1.0,1.0,54.6,hold,Codex PRD editorial review,"indonesia-car-rental-leasing-market-b2b-ota-dominance and car-rental-market-entry-strategy-vs-risk-analysis pass the market/technology relevance gate as regional (market 1.00, technology 1.00, confidence 0.90); link with anchor 'Global Car Rental Market' [hold].","Link ""Indonesia Car Rental Market Growth Driven by OTAs & B2B"" to ""Netherlands Car Rental Market Entry Strategy"" using the anchor ""Global Car Rental Market Outlook"". Inside the existing ""Market Overview"" text, in the sentence: ""In effect, Indonesia's B2C industry rental market is consolidating around scalable digital ecosystems, where OTAs deliver reach and volume while rental apps strengthen direct control, making platform strategy, not physical presence, the key determinant of competitive advantage in short-term corporat"". SEO value: Medium. Business value: Medium. Low risk.",2026-08-12T07:59:34.154735+00:00
6e9cb952-93c4-4aac-be35-c8bcee0e32e8,https://www.kenresearch.com/articles/vietnam-fintech-payments-growth-profitability,https://www.kenresearch.com/industry-reports/india-mobile-payments-market,India Mobile Payments Market,contextual_body,Market Overview,"India didn't build a payments market , but it built payments as a public utility and then let the market build on top.",same_market,regional,1.0,1.0,54.0,hold,Codex PRD editorial review,"vietnam-fintech-payments-growth-profitability and india-mobile-payments-market pass the market/technology relevance gate as regional (market 1.00, technology 1.00, confidence 0.90); link with anchor 'India Mobile Payments Market' [hold].","Link ""Vietnam Mobile Payments Market at Scale but Struggling for Profits"" to ""India Mobile Payments Market Growth Opportunities & Industry Trends to 2030"" using the anchor ""India Mobile Payments Market"". Inside the existing ""Market Overview"" text, in the sentence: ""India didn't build a payments market , but it built payments as a public utility and then let the market build on top."". SEO value: Medium. Business value: High. Low risk.",2026-08-12T07:59:34.154735+00:00
ca01f2c1-6ef8-46d2-a666-13b411022ef4,https://www.kenresearch.com/case-studies/fmcg-supply-chain-transformation-southeast-asia,https://www.kenresearch.com/articles/india-warehousing-market-future,India Warehousing Market Outlook,contextual_body,Regional Coverage,"Through this engagement, the client successfully transformed its warehousing model from fragmented vendor management to a data-driven, performance-optimized supplier network .",country_region,adjacent_regional,0.282,1.0,54.0,hold,Codex PRD editorial review,"fmcg-supply-chain-transformation-southeast-asia and india-warehousing-market-future pass the market/technology relevance gate as adjacent_regional (market 0.28, technology 1.00, confidence 0.73); link with anchor 'India Warehousing Market' [hold].","Link ""Warehousing Efficiency Benchmark in Singapore & Malaysia"" to ""India Warehousing Market Growth Driven by Grade A Shift"" using the anchor ""India Warehousing Market Outlook"". Inside the existing ""Regional Coverage"" text, in the sentence: ""Through this engagement, the client successfully transformed its warehousing model from fragmented vendor management to a data-driven, performance-optimized supplier network ."". SEO value: Medium. Business value: Medium. Low risk.",2026-08-12T07:59:34.154735+00:00
831b3941-8f84-4716-990d-7e7e07394e70,https://www.kenresearch.com/articles/southeast-asia-lubricants-market-future-2030,https://www.kenresearch.com/case-studies/lubricant-market-demand-mapping-malaysia-insights,Malaysia Lubricant Market,contextual_body,Global Context,"The region's lubricant demand remains structurally intact, but its profit pools are redistributing.",global_local,regional,1.0,1.0,53.1,hold,Codex PRD editorial review,"southeast-asia-lubricants-market-future-2030 and lubricant-market-demand-mapping-malaysia-insights pass the market/technology relevance gate as regional (market 1.00, technology 1.00, confidence 0.80); link with anchor 'Malaysia Lubricant Market' [hold].","Link ""Southeast Asia Lubricants Market Growth Is No Longer Automatic"" to ""Malaysia Lubricant Market Intelligence Driving 20% Growth"" using the anchor ""Malaysia Lubricant Market"". Inside the existing ""Global Context"" text, in the sentence: ""The region's lubricant demand remains structurally intact, but its profit pools are redistributing."". SEO value: Medium. Business value: Medium. Low risk.",2026-08-12T07:59:34.154735+00:00
3c447998-5551-4534-8d95-8e28a10ef198,https://www.kenresearch.com/articles/why-automation-is-cost-of-competing-malaysia-warehousing,https://www.kenresearch.com/industry-reports/vietnam-warehousing-market,Vietnam Warehousing Market,contextual_body,Market Overview,"Players such as Swift Haulage Berhad have outlined plans to add almost 1 million sq ft of warehouse space, while established operators, including Kellogg's and PKT Logistics, continue to expand and optimise warehousing capacity to capture rising e-commerce-led demand in Malaysia.",same_market,regional,1.0,1.0,52.3,hold,Codex PRD editorial review,"why-automation-is-cost-of-competing-malaysia-warehousing and vietnam-warehousing-market pass the market/technology relevance gate as regional (market 1.00, technology 1.00, confidence 0.90); link with anchor 'Vietnam Warehousing Market' [hold].","Link ""Malaysia Warehousing Market: Automation Is the Cost to Compete"" to ""Vietnam Warehousing Market Major Players, Analysis, Revenue, Growth Rate, Size, Share & Trends"" using the anchor ""Vietnam Warehousing Market"". Inside the existing ""Market Overview"" text, in the sentence: ""Players such as Swift Haulage Berhad have outlined plans to add almost 1 million sq ft of warehouse space, while established operators, including Kellogg's and PKT Logistics, continue to expand and optimise warehousing capacity to capture rising e-commerce-led demand in Malaysia."". SEO value: Medium. Business value: Medium. Low risk.",2026-08-12T07:59:34.154735+00:00
0cae778e-3207-434b-bcdf-7d3bf056e4c4,https://www.kenresearch.com/case-studies/india-power-tools-market-intelligence-growth-plan,https://www.kenresearch.com/industry-reports/indonesia-power-tools-market,Indonesia Power Tools Market,contextual_body,Case Study Evidence,"The company is recognized for its high-quality, energy-efficient power tools catering to both professional and DIY users.",case_study_support,adjacent,1.0,1.0,52.2,hold,Codex PRD editorial review,"india-power-tools-market-intelligence-growth-plan and indonesia-power-tools-market pass the market/technology relevance gate as adjacent (market 1.00, technology 1.00, confidence 0.75); link with anchor 'Indonesia Power Tools Market' [hold].","Link ""Power Tool Market Entry in India: Strategy, Insights & 2X Growth"" to ""Indonesia Power Tools Market Analysis, Indonesia Power Tools Market Forecast"" using the anchor ""Indonesia Power Tools Market"". Inside the existing ""Case Study Evidence"" text, in the sentence: ""The company is recognized for its high-quality, energy-efficient power tools catering to both professional and DIY users."". SEO value: Medium. Business value: Medium. Low risk.",2026-08-12T07:59:34.154735+00:00
