node_id,url,title,h1,proposed_industry
ca4fadc1-bb9a-402f-b1a0-76790979a6b9,https://www.kenresearch.com/articles/gcc-dental-equipment-market-opportunities-forecast,"Middle East Dental Market 2024-2029: Import Dependency, Vision 2030 Push & GCC Growth Trends","Import Heavy, Opportunity Rich: The Untapped Potential of GCC Dental Equipment",Healthcare
e00bf819-aaa9-4a58-87bc-ae3811b1fa44,https://www.kenresearch.com/articles/genset-after-sales-crisis-india-service-benchmark,India Diesel and Gas Genset Industry After-Sales Crisis,The Silent Generator Crisis: What Post-Purchase Experience Reveals About India's Genset After-Sales Ecosystem,Energy & Utilities
7aa2bce9-1181-490f-8d1e-dc730c3bb9bc,https://www.kenresearch.com/articles/indian-car-buyers-consider-ev-but-choose-ice,Why Indian Car Buyers Consider EVs but Still Choose ICE,Why Are Indian Car Buyers Considering EVs but Still Choosing ICE?,"Automotive, Transportation & Logistics"
a63adfb1-c4f1-4db8-a102-78e0539ad9ee,https://www.kenresearch.com/articles/india-api-market-dependency-to-dominance,India API Market Shift from Import Dependence to Scale,India’s API Market: From Dependency to Dominance,(no confident match)
d0032b47-267d-45a2-870c-feed3182d29c,https://www.kenresearch.com/articles/india-bess-market-storage-revolution,India BESS Market: Battery Storage Revolution to 459 GWh,India’s BESS Market: The Storage Revolution Reshaping an Entire Economy,Energy & Utilities
487db621-f173-44ea-a12d-b3f19805aa69,https://www.kenresearch.com/articles/india-busbar-value-chain-design-control,India Busbar Market: Design Ownership for Future Growth,Winning Through Design Control: India’s Next Move in the Busbar Value Chain,"Automotive, Transportation & Logistics"
93363f48-bc46-4327-9b86-087eef8aa41a,https://www.kenresearch.com/articles/india-ev-market-sustainability-to-economics,"India EV Market: 2 Mn Sales, 4W Economics | Ken Research",India’s EV Market Has Won the Sustainability Argument. Now It Must Win the Economics,"Automotive, Transportation & Logistics"
91d0a2f7-f7c1-46c2-9387-17b2cdc9e1e0,https://www.kenresearch.com/articles/india-personal-loan-market-trust-gap,India Personal Loan Market: Trust Deficit Reshapes Lending,The Transparency Gap: How Personal Loan Decision Journeys Are Exposing India's Lending Trust Deficit,BFSI
c070a33e-da2e-4bd7-a2f0-ad1b4a6e3cbe,https://www.kenresearch.com/articles/india-health-insurance-consumer-behavior-forecast,India Health Insurance Purchase Decisions: Coverage Gap 2025,The Protection Gap: How Health Insurance Purchase Decisions Are Reshaping India's Coverage Landscape,Healthcare
dbcf7bd4-4846-490e-a327-a34846d97cba,https://www.kenresearch.com/articles/hospital-emergency-trust-deficit-india,India Emergency Healthcare Trust Deficit: Survey Insights,The Trust Deficit: How Hospital Emergency Services Are Failing India's Most Vulnerable Patients,Healthcare
648a9abc-4a69-434b-bb2a-b93a9514bcdb,https://www.kenresearch.com/articles/battery-confidence-shaping-india-ev-scooter-future,India Electric Scooter Market: Battery Trust Barrier in 2025,The Battery Barrier: How Range Anxiety and Replacement Fears Are Stalling India's Electric Scooter Boom,"Automotive, Transportation & Logistics"
b7ae385b-eee8-4b1a-ae17-c82672915473,https://www.kenresearch.com/articles/conocophillips-cost-advantage-us-oil-market,ConocoPhillips Leads US Oil Reserves with Cost Edge,Is ConocoPhillips’ 38% Cost Advantage Enough to Win the Next Decade of the US Oil Market?,Energy & Utilities
37747a91-99d5-447c-ae96-0aa6595d83b7,https://www.kenresearch.com/articles/uae-cement-market-outlook-entry-opportunity,"UAE Cement Market Size, Outlook & Strategic Entry 2025","UAE Cement Market: Oversupplied, Under Pressure But Ripe for Strategic Entry",Manufacturing & Construction
54edcf0f-61c8-4e58-8149-40b1e693c9a4,https://www.kenresearch.com/articles/philippines-unsecured-lending-growth-digital-credit-opportunity,Philippines Unsecured Lending Growth Driven by Digital Credit,Philippines Unsecured Lending Market Accelerates at 15% CAGR as Digital Credit Approaches USD 100 Billion,BFSI
a33bf785-3475-4ef5-a82d-326657db69a6,https://www.kenresearch.com/articles/india-mould-market-manufacturing-vs-imports-competitive-gap,"India Mould Market Growth, Imports, Opportunities & Forecast","India’s USD 27.8 Billion Mould Market: One-Third Still Imported, But Not for Long",Manufacturing & Construction
74cea506-826d-4367-9927-5d8bcdedaf9d,https://www.kenresearch.com/articles/india-bpc-growth-opportunity-brand-equity,India BPC Market Growth: Why Brand Equity Will Matter More,Your BPC Brand Is Optimising for the Wrong Thing in India's USD 33Bn Market,BFSI
58fee446-d8e4-4cb8-a233-f87176bb801a,https://www.kenresearch.com/articles/gcc-luxury-market-concentration-uae-ksa-strategy,GCC Luxury Growth: Why UAE & KSA Capture 70% of Upside,Why 70% of GCC Luxury Growth Is Concentrated in UAE & KSA and What Brands Risk Missing,Consumer Products & Retail
2eb0b74b-312f-44e1-84a1-4bdd2444648f,https://www.kenresearch.com/articles/vietnam-mushroom-imports-vs-domestic-production-gap,Why Vietnam Imports Over USD 100M in Mushrooms Despite Strong Domestic Production,Why Vietnam Imports Over USD 100M in Mushrooms Despite Strong Domestic Production,"Food, Beverage & Tobacco"
860a241b-a05e-4b8f-acb5-068749cb8d1d,https://www.kenresearch.com/articles/saudi-arabia-logistics-trends-air-cargo-forecast,How Saudi Arabia’s Logistics Market is Evolving with Vision 2030,How Saudi Arabia’s USD 45 Billion Logistics Market Is Evolving Beyond Traditional Freight?,"Automotive, Transportation & Logistics"
8eee9962-b407-4d30-99c5-aa311fea86ff,https://www.kenresearch.com/articles/indian-construction-market-growth-lt-leadership,L&T’s ₹5.79 Trillion Order Book: Future of India’s EPC Market,L&T’s ₹5.79 Trillion Order Book: Can India’s EPC Leader Turn Scale into Sustainable Profit in the Indian Construction Market?,Manufacturing & Construction
001448a1-ad5f-4b56-aec0-04f554304c69,https://www.kenresearch.com/articles/india-citrus-market-disruption-and-growth,India Citrus Sector Transformation: From Volume to Exports,Can India Transform Its Citrus Sector to Capture a Larger Share of the USD 15+ Billion Global Citrus Market?,"Food, Beverage & Tobacco"
9879e03f-0913-4b7d-b280-baeb010e21e5,https://www.kenresearch.com/articles/future-of-india-chilli-market-2030,"India Chilli Market 2025: Production, Export Risks, and Value Chain Opportunities","India’s ₹40,000 Crore Chilli Market: From Export Dominance to the Challenge of Sustainable Growth","Food, Beverage & Tobacco"
6538bf48-f266-40df-9d67-cc4970e90d17,https://www.kenresearch.com/articles/global-mattress-market-growth-fire-retardant-expansion,Fire Retardant Mattress Market Sleepwell Strategy and Growth,"15% Revenue Growth, 50% India Market Share, and USD 70.8 Billion Global Opportunity: Are Positioning Sleepwell at the Centre of the Fire-Retardant Mattress Expansion?",Consumer Products & Retail
b027733e-6658-405b-95df-c984692a50bd,https://www.kenresearch.com/articles/saudi-banking-deposit-concentration-digital-transactions,Saudi Banking Competition Shifts Toward Scale and Digital Power,23.2% Deposit Concentration and 98% Digital Transactions Are Set to Define the Future Competitive Hierarchy of Saudi Banking,BFSI
716c8ec7-762d-448b-af60-73a10cbaeedb,https://www.kenresearch.com/articles/vietnam-edible-oil-supply-gap-import-dependency,Vietnam Edible Oil Market Growth & Import Gap Analysis,1.5 Million Tonne Supply Gap and 1.07 Million Tonne Palm Oil Imports Are Structurally Locking Vietnam Into Edible Oil Import Dependency,"Food, Beverage & Tobacco"
05b74b29-37a0-4d2f-a890-4d8c35ac27e2,https://www.kenresearch.com/articles/uae-taxi-market-productivity-growth-revenue-outpaces-fleet,UAE Taxi Market Growth Driven by Revenue Productivity Shift,UAE Taxi Market Reaches USD 2.18 Billion in 2025 as Revenue Growth Outpaces Fleet Expansion,"Automotive, Transportation & Logistics"
6a8ef3ae-5cf9-45e6-934c-4a3abf5cb5c0,https://www.kenresearch.com/articles/ksa-retail-pharmacy-market-foreign-investor-opportunity,KSA Retail Pharmacy Market Growth & Foreign Investment Shift,KSA Permits 100% Foreign Ownership in Retail Pharmacy: Should Foreign Investors Capitalise on This USD 7 Billion Opportunity?,Consumer Products & Retail
2bc7d64f-0600-445b-a45f-63d608793510,https://www.kenresearch.com/articles/saudi-digital-payments-market-cashless-economy-growth,Saudi Arabia Digital Payments Market Growth and Cashless Shift,Saudi Arabia Digital Payments Market to Reach 17 billion Transactions by 2030 as the Kingdom Targets an 80% Cashless Economy,Technology & Telecom
9201c46b-ebb8-4569-8875-3fbf3966a09f,https://www.kenresearch.com/articles/uae-luxury-hospitality-premiumisation-growth,UAE Luxury Hospitality Market Growth Outlook 2030 | Ken Research,"UAE Luxury Hospitality to Hit USD 6Bn by 2030: 71% Luxury Supply, 9.8% CAGR and 85% Occupancy Signal Structural Premiumisation",Consumer Products & Retail
91146af4-b220-4d91-af80-7519b1f8a5e7,https://www.kenresearch.com/articles/india-pet-food-market-leadership-shift-mars-vs-drools,India Pet Food Market Leadership Mars vs Drools Analysis,"India Pet Food Market Leadership: Mars Petcare Holds 41.6% Share While Domestic Brand Drools Crosses ₹10,516 Mn Revenue","Food, Beverage & Tobacco"
c0320961-d265-4fd8-b581-ba78d879a047,https://www.kenresearch.com/articles/malaysia-automotive-aftermarket-recurring-service-demand,Malaysia Automotive Aftermarket Growth Driven by Service Demand,Malaysia Automotive Aftermarket to Reach MYR 50.4 billion by 2028 as Recurring Service Demand Reshapes Industry Economics,"Automotive, Transportation & Logistics"
4979b444-28ee-45f6-a900-5a7b396ae6b3,https://www.kenresearch.com/articles/uae-luxury-furniture-market-demand-surge-uhnwis,UAE Luxury Furniture Market Surge Amid Rising UHNWIs,UAE’s $ 802 Million Luxury Furniture Market Set for Demand Surge Amid 30% Rise in UHNWIs,Consumer Products & Retail
9e137a60-2e4d-42fa-a5d4-9caead1f737a,https://www.kenresearch.com/articles/indonesia-poultry-producers-market,Indonesia  Poultry Producers Market,Indonesia  Poultry Producers Market,Agriculture & Animal Care
24e2bd48-fdbd-49d7-922b-73a285362f5a,https://www.kenresearch.com/articles/india-candle-manufacturing-cost-advantage-refinery-model,India Candle Manufacturing Cost Advantage Explained| Ken Research,"22 Refineries, 309.5 MMTPA Capacity Expansion and ₹230,093 Crore Chemical Exports Are Powering India’s Cost-Competitive Candle Manufacturing Backbone?","Metal, Mining and Chemicals"
5a702b84-34f7-4d39-9b94-d3abe7d2009d,https://www.kenresearch.com/articles/akzonobel-growth-strategy-vietnam-paints-market,AkzoNobel Growth in Vietnam Paints Market | Ken Research,5% Growth in a 2% Market: How Is AkzoNobel Winning in Vietnam’s USD 2.8 Billion Paints & Coatings Industry?,Consumer Products & Retail
2ca638c5-8177-4460-b613-31be1c574094,https://www.kenresearch.com/articles/india-makhana-market-future-and-export-opportunity,India Makhana Market- Production Dominance vs Processing Gaps,Why Does India Dominate Global Makhana Production but Still Struggle to Industrialise the Crop?,"Food, Beverage & Tobacco"
cdd4d5cd-df03-4e17-a7d0-d9332097de2c,https://www.kenresearch.com/articles/india-fintech-early-stage-deals-ma-activity,"India FinTech Market Raised $889M in H1 2025, Ranks 3rd Globally","India's FinTech Sector Secures $889M in H1 2025, Maintaining Global Top 3 Ranking",BFSI
afd6c709-e327-4e37-9cc7-85d69ccbd684,https://www.kenresearch.com/articles/vietnam-fertilizer-market-bfc-revenue-growth-margins,8.96% Revenue Growth and Stronger Margins Are Positioning BFC Ahead of Smaller Competitors in Vietnam’s Fertilizer Market,8.96% Revenue Growth and Stronger Margins Are Positioning BFC Ahead of Smaller Competitors in Vietnam’s Fertilizer Market,Agriculture & Animal Care
4f336b7b-6d89-4a36-b7b8-4ec4db2f7baa,https://www.kenresearch.com/articles/why-automation-is-cost-of-competing-malaysia-warehousing,Malaysia Warehousing Market: Automation Is the Cost to Compete,Malaysia’s Warehousing Market to Exceed USD 500 Million: Why Automation Is Becoming the Cost of Competing?,"Automotive, Transportation & Logistics"
6b132003-89da-41fc-ad5a-93e124787fbc,https://www.kenresearch.com/articles/philippines-dialysis-market-coverage-driven-growth-trends,"Philippines Dialysis Market: ₱6,350 Coverage Fuels 22% Growth","₱6,350 Per Session Coverage, 22% Patient Growth and ₱990,600 Annual Protection Are Structurally Transforming the Philippines Dialysis Market",Healthcare
70f1ae69-13ca-4937-95cf-69fb52b961e5,https://www.kenresearch.com/articles/wakefit-growth-strategy-india-sleep-wellness,Wakefit Growth Strategy in India’s Sleep Market | Ken Research,"₹421 Crore Quarterly Revenue, ₹1,288 Crore IPO and 125 Stores Expansion Are Positioning Wakefit at the Centre of India’s ₹5.9 Trillion Sleep Wellness Opportunity",Consumer Products & Retail
e9960504-1f6e-4845-b591-9907af6d2c87,https://www.kenresearch.com/articles/vietnam-natural-gas-next-investment-frontier,"Vietnam Natural Gas Market: LNG Demand, PDP8, $119B Gap",USD 119 Billion Investment Gap and LNG Demand Rising 7 Times: Why Vietnam’s Natural Gas Market Is Becoming Southeast Asia’s Next Energy Investment Frontier?,Energy & Utilities
d64fbc4a-853a-4cca-993b-a23a6552b677,https://www.kenresearch.com/articles/uae-lubricants-market-5-players-reshaping-profitability,"UAE Lubricants Market: 5 Players, OEM Access, Profit Shift",70% of UAE Lubricants Market Controlled by 5 Players: Why Scale Integration and OEM Access Are Reshaping Profitability,"Automotive, Transportation & Logistics"
ce9b044e-dad4-4675-91fe-c6ffb36752c3,https://www.kenresearch.com/articles/uae-furniture-market-growth-residential-demand-expats,UAE Furniture Market Growth: Residential Demand & Expats,How Residential Furniture Demand and Expat Populations Are Driving the UAE’s USD 5.1 Billion Furniture Market,Consumer Products & Retail
5c38761a-4d0c-4c1f-a7ce-5aad28226d05,https://www.kenresearch.com/articles/india-infrastructure-capex-reshaping-heavy-equipment-market,India’s Heavy Load Equipment Market to Reach USD 3.55 Million,Revenue Set to Double to USD 3.55 Million as Infrastructure and Industrial Capex Reshape India’s Heavy Load Moving Equipment Market,"Automotive, Transportation & Logistics"
62398fb1-27cd-4219-945d-8ccf005edb8d,https://www.kenresearch.com/articles/oman-hospitality-market-occupancy-rising-60-percent,Oman Hospitality Market: Occupancy Nears 60% as Demand Leads,USD 7.4 Billion Oman Hospitality Market Sees Occupancy Rising Toward 60% as Demand Growth Outpaces Supply Expansion,Consumer Products & Retail
32bdeb6e-b80c-47ed-b1fb-d0e4c1e43943,https://www.kenresearch.com/articles/india-eye-health-supplements-demand-shift,India Eye Health Supplements Market Growth to 2033,India Eye Health Supplements Market to Grow at 10.2% CAGR as 886 Mn Internet Users and 347 Mn Elderly Reshape Demand by 2033,Healthcare
d75e632a-cbfb-48b7-9fba-8591cf9b82b0,https://www.kenresearch.com/articles/india-sportswear-market-tier2-tier3-opportunity,India Sportswear Market Growth: Tier-2 & Tier-3 Cities India,USD 17.52 Billion Opportunity: Why Tier-2 and Tier-3 Cities Are Redefining Competitive Advantage in India’s Sportswear Market,Consumer Products & Retail
067b3bd6-4ac6-464c-8331-ba7a0e66a607,https://www.kenresearch.com/articles/philippines-credit-access-transformation-fintech-bnpl,"Philippines Credit Access Shift: Fintech, BNPL, PHP 6T by 2030",PHP 6 trillion Market Expansion: How Fintech and BNPL Are Reshaping Credit Access Across the Philippines?,BFSI
3aa0dca1-b34d-43f0-a9ab-e334345c47c0,https://www.kenresearch.com/articles/smart-air-purifier-market-profit-battleground,Smart Air Purifier Market: How IoT Platforms Are Winning,Why the USD 2.55B Smart Air Purifier Market Is Becoming a Profit Battleground for IoT Platforms?,Technology & Telecom
21786e9b-82f2-4128-b00f-0fdf44ca0f0e,https://www.kenresearch.com/articles/india-air-cargo-belly-capacity-dominance,India Air Cargo Market After COVID: Belly Capacity Still Dominates,India Air Cargo After COVID: Why 80% of Freight Still Flies in Passenger Bellies Through Just Two Airports?,"Automotive, Transportation & Logistics"
8b76c378-08db-46b8-aedb-1d55dd34e243,https://www.kenresearch.com/articles/used-car-dominance-transforming-iraq-vehicle-market,"Iraq Vehicle Market 2030: Used Cars Dominate, EVs Rise",Used Cars Dominate With 55% Market Share and EV Adoption Accelerates: How Iraq’s Vehicle Market Is Approaching Over 30 billion by 2030?,"Automotive, Transportation & Logistics"
84f8f3cc-126e-4d0c-91d6-52d61ba0cf47,https://www.kenresearch.com/articles/indonesia-plastic-pipe-market-spec-led-growth,Indonesia Plastic Pipe Market Shifts to Spec-Led Growth,"Indonesia Plastic Pipe Market Enters a Spec-Led Growth Cycle as SNI Rules, 61+ Water Projects and PN 16-20 Pipes Shift Demand",Manufacturing & Construction
74363915-4589-4532-af90-df978b15f847,https://www.kenresearch.com/articles/saudi-arabia-fitness-market-winner-strategy,Saudi Arabia Fitness Market: Growth Shifts & Winning Models,"Saudi Arabia Fitness Market at SAR 11.6 Billion Where Scale, Women and Service Depth Decide the Winners",Consumer Products & Retail
73d8fe41-3ea1-4cdc-bb84-2c6c8f1d98ba,https://www.kenresearch.com/articles/malaysia-led-market-policy-support-impact,"Malaysia LED Bulb Market 2030: Smart LEDs, Policy, LaaS","Malaysia’s LED Bulb Market Evolution: Smart LEDs, Local Self-Sufficiency, and Policy Support Set to Drive USD 58 Million Growth by 2030",Energy & Utilities
b2ba231e-f826-4a71-bca5-dec4b31d411e,https://www.kenresearch.com/articles/ksa-automotive-growth-strategy-vision-2030,KSA Automotive Market Growth Strategy Under Vision 2030,Winning the Race in KSA’s USD 30 Billion Automotive Market: How Vision 2030 and Consumer Shifts Shape the Path Forward,"Automotive, Transportation & Logistics"
e885b2ff-ae49-42e3-bf4d-5ccb28d2cac4,https://www.kenresearch.com/articles/saudi-perfume-market-growth-premium-consumption,Saudi Arabia Perfume Market Growth Fueled by Premium Demand,Saudi Arabia Perfume Market Is Exploding: How 8x Higher Consumption Is Building a SAR 20 million Luxury Engine?,"Food, Beverage & Tobacco"
b3857803-81bd-4789-8aa7-f26a03fced32,https://www.kenresearch.com/articles/india-kiwi-market-growth-import-dependence,India Kiwi Market Growth Hits ₹95 Bn: Imports vs Local Supply,"India’s Kiwi Market Is Racing Toward ₹95 Billion, But 70% Still Comes from Imports: Can India Ever Compete with New Zealand and Chile?","Food, Beverage & Tobacco"
e9326646-3746-40e1-b221-0cb97aac08d3,https://www.kenresearch.com/articles/indonesia-mortgage-growth-rewiring-real-estate,Indonesia Mortgage Growth to USD 70Bn Reshaping Real Estate,How Mortgage Lending of USD 70 billion by 2030 is Rewiring Indonesia's Real Estate Market?,BFSI
e5b2aa04-865e-49ee-a44e-55d42aa3f1f3,https://www.kenresearch.com/articles/healthkart-protein-market-india-profit-fy25,"India Protein Gap Built HealthKart’s ₹1,313 Cr Profitable Business","HealthKart Turned India’s Protein Crisis into ₹1,313 Crore Revenue and ₹120 Crore Profit in FY25",Healthcare
251801a8-5a0a-48ac-87d1-fbadfa1d9dca,https://www.kenresearch.com/articles/indonesia-car-rental-leasing-market-b2b-ota-dominance,Indonesia Car Rental Market Growth Driven by OTAs & B2B,Indonesia Car Rental and Leasing Market Is Racing Toward IDR 110 trillion as OTAs Cross 42% Share and B2B Contracts Dominate,"Automotive, Transportation & Logistics"
c79e8ec5-01da-459e-be5a-3f90089f7b28,https://www.kenresearch.com/articles/europe-truck-leasing-market-growth-transformation,Europe Truck Leasing Market Shifts Toward Long-Term Growth,Europe Truck Leasing Market Is Being Transformed as Long-Term Leases Cross 70% and Heavy Trucks Take 80%+ Share,"Automotive, Transportation & Logistics"
475690bf-75ce-4849-8cb3-6713a80cfd4e,https://www.kenresearch.com/articles/vietnam-fintech-payments-growth-profitability,Vietnam Mobile Payments Market at Scale but Struggling for Profits,Vietnam Mobile Payments Market at USD 50B Crossroads as Scale Grows but Profits Lag,Technology & Telecom
815df4cf-464a-41f0-b65d-653056d9b828,https://www.kenresearch.com/articles/india-confectionery-market-growth-but-low-exports,India Confectionery Market at USD 4.8B but Lagging in Exports,India Confectionery Market Hits USD 4.8B but Owns Under 2% of Global Exports,"Food, Beverage & Tobacco"
a7c0028f-6ecc-4160-9c16-184a33240b1a,https://www.kenresearch.com/articles/global-banking-resilience-growth-strategy,"Global Banking Resilience Outlook: ROE, Loan Growth & IT Spend","Global Banking Resilience: 11.7% ROE, 70bps Rate Cuts, 6% Loan Growth, and USD 176B IT Spend",BFSI
d2a7e001-1ee8-4e5f-89ec-bfe355d74d4d,https://www.kenresearch.com/articles/japan-transport-infrastructure-margins-outlook,Shimizu Margin Recovery in Japan Transport Infrastructure Market,Can Shimizu Corporation Sustain Its Margin Recovery in Japan’s Transportation Infrastructure Market?,"Automotive, Transportation & Logistics"
58029e82-d5f4-4f7a-977c-0b9adebf2dc8,https://www.kenresearch.com/articles/automotive-suppliers-profitability-reset-global,Automotive Suppliers Face Profitability Reset as EV Scale Slips,Automotive Suppliers Enter Stagformation as EBIT Falls to 4.7% and EV Scale Slips,"Automotive, Transportation & Logistics"
e08814e0-1cdd-47f7-b727-09584a7fbcd9,https://www.kenresearch.com/articles/india-coffee-exports-competitive-gap-analysis,Why India’s Coffee Exports Struggle to Gain Global Competitiveness,Why Has India Struggled to Become a Globally Competitive Coffee Exporter Despite Being a Top Producer?,"Food, Beverage & Tobacco"
716571e6-f1bb-455e-ad89-384e19ffceb0,https://www.kenresearch.com/articles/saudi-residential-market-growth-after-foreign-ownership-2026,"KSA Residential Market Shift: Supply, Prices & 2026 Reforms","Saudi Arabia’s Residential Market: Jan 2026 Foreign Ownership Laws, Mortgage Growth, and Rising Housing Supply",Consumer Products & Retail
865c16d3-a956-4db5-874f-06a6921bec42,https://www.kenresearch.com/articles/saudi-arabia-chocolate-market-trends-and-outlook,Saudi Arabia Chocolate Market Growth Drivers and Structural Limits,Why Is Saudi Arabia’s Chocolate Market Growing Steadily Without Becoming a High-Growth FMCG Story?,Consumer Products & Retail
3de406a8-e239-438f-a75f-e08bd1bf28f0,https://www.kenresearch.com/articles/global-autonomous-vehicles-growth-emerging-markets,Autonomous Vehicle Adoption in Emerging Markets Through 2030,4 Economic Forces Making Emerging Markets the Global Leaders in Autonomous Vehicle Adoption,"Automotive, Transportation & Logistics"
899aa7e3-dfb6-4508-aa1c-749ade65023f,https://www.kenresearch.com/articles/india-industrial-gases-regional-shift-market-outlook,India Industrial Gases Market FY2025 | Regional Demand Insights,4 Key Regional Insights Shaping India’s Industrial Gases Market in FY2025,Energy & Utilities
5e0f57f1-acc1-4b6a-afe8-7da9c01d125f,https://www.kenresearch.com/articles/saudi-retail-future-2030-riyadh-dominance,Riyadh Retail Market Dominance Driving Saudi Consumer Spending,Riyadh’s Retail Dominance: How the Capital Drives 34% of Saudi Arabia’s Consumer Spending?,Consumer Products & Retail
46aa7f9d-604c-4da7-a8e5-7b526fe87c37,https://www.kenresearch.com/articles/vietnam-vaccine-market-future-2030,"Vietnam Vaccine Market Outlook: Coverage Gaps, Access, and Growth",How Is Vietnam’s 90% Vaccine Coverage Held Back by Rural Access and Import Dependency?,Healthcare
37511d13-d096-41d1-a966-1f2219df1df6,https://www.kenresearch.com/articles/saudi-hospitality-market-future,Saudi Arabia Hospitality Market Growth Driven by Tourism to 2030,How Tourism Is Driving Saudi Arabia’s Hospitality Market Toward USD 18 Billion by 2030?,Consumer Products & Retail
6eee32d7-c5eb-40d2-84eb-b9f9858eef72,https://www.kenresearch.com/articles/india-warehousing-market-future,India Warehousing Market Growth Driven by Grade A Shift,What Are the 5 Key Factors Driving 50% Leasing Growth in India’s Warehousing Market and the Shift to Grade A Assets?,"Automotive, Transportation & Logistics"
5dcd41b2-8874-4d30-8b6e-2a1e5d98c0b3,https://www.kenresearch.com/articles/global-gaming-industry-structural-shifts-2030,"Global Gaming Industry Transformation: AI, Cloud & UGC Growth","4 Structural Shifts Driving Video Gaming’s Next USD 300 Billion Upside, What Has Changed?",Media & Entertainment
cd9c27dd-18c3-4764-94af-22e323a4ecfd,https://www.kenresearch.com/articles/kenya-retail-real-estate-demand-trends,Kenya Real Estate Investment Outlook 2025- Retail & Hospitality,Kenya’s Real Estate Reset: Why Retail and Hospitality Are Emerging as 2025’s Most Reliable Investment Opportunities,Consumer Products & Retail
d1a65f28-135c-4e86-9144-1553e68dd5c5,https://www.kenresearch.com/articles/saudi-real-estate-market-affordability-pressure,Saudi Arabia Real Estate Market 2025: Affordability & Growth Shift,Saudi Arabia Real Estate Market 2025: USD 685.5B Development Wave Meets Affordability and Rental Pressure,Manufacturing & Construction
39f3bb5d-e683-40e6-8ecd-8946cb0ba44e,https://www.kenresearch.com/articles/china-manufacturing-disruption-global-market,China’s Economic Transition in 2026: Global Impact & Outlook,"China’s Economic Reset: 32+ Months of Deflation, 29% Industrial Losses, and a Global Supply Chain Shift",Energy & Utilities
82a8cad8-f72a-4051-bd61-535e3c176781,https://www.kenresearch.com/articles/australia-retail-market-recovery-growth,"Australian Retail Market Recovery 2025: Growth, Investment & Trends",From Cost-of-Living Pressure to a 2025 Reset: How Easing Inflation and USD 6.5 Bn in Investment Are Reshaping the Australian Retail Market,Consumer Products & Retail
a115b107-6c22-4c44-8d4b-fcd3e1510105,https://www.kenresearch.com/articles/global-tea-market-growth-shifts-by-region,Global Tea Market Outlook- Regional Shifts in Value Creation,"How Do 6 Key Regions Shape Supply, Demand, and Value in the Global Tea Market?","Food, Beverage & Tobacco"
8c2a1fbc-0bcc-4cb5-b258-48c5e3c59cb5,https://www.kenresearch.com/articles/ksa-automotive-market-competitive-shift,"KSA Automotive Market 2025: Growth, Competition & OEM Shifts",KSA Automotive Market 2025: How Competitive Power Centres are Reshaping Saudi Arabia’s Mobility Landscape?,"Automotive, Transportation & Logistics"
79515427-22c9-4259-9db4-c106f2ca0c5c,https://www.kenresearch.com/articles/southeast-asia-lubricants-market-future-2030,Southeast Asia Lubricants Market Growth Is No Longer Automatic,"Southeast Asia Lubricants Market: Over 1 million Vehicles in Play, but Growth Is No Longer Automatic","Automotive, Transportation & Logistics"
bea49e73-b72c-4c11-8aac-ded6431bc198,https://www.kenresearch.com/articles/ott-market-growth-strategy-global,Global OTT Market Growth Outlook: Regional Trends to 2030,"Global OTT Market Outlook: USD 236B Today, 16.7% CAGR, and the Regions Defining Streaming Growth",Media & Entertainment
f6e0da22-092b-4a2e-ae9e-f15a762c051c,https://www.kenresearch.com/articles/india-catering-industry-future-regional-economics,India Catering Market Outlook: Regional Demand Shaping Growth,"India Catering Market Outlook 2025: Regional Economics Behind a ₹210,400 Crore Industry",Consumer Products & Retail
1ff5e6d6-b566-4020-bcbf-6efc43caed24,https://www.kenresearch.com/articles/gcc-healthcare-market-forecast-trends,"GCC Healthcare Market Outlook 2025: Growth, Digital Shift, Capacity",Global GCC Healthcare Market Outlook 2025: Inside the USD 100B Shift Reshaping Regional Care Models,Healthcare
2dfd3e56-fc94-407d-bc5f-0055550fa24f,https://www.kenresearch.com/articles/india-fashion-market-future-growth,"Global Fashion Market Growth Outlook 2025: India, Japan Lead","Fashion 2025: Where India’s 12–17% Surge, Japan’s 30% Luxury Boom, and Challenger Brands’ 57% Profit Share Redraw the Global Map",Consumer Products & Retail
43698082-2bd8-4de6-8227-9051b5e790c1,https://www.kenresearch.com/articles/global-energy-transition-trends-and-investment-needs,Global Energy Transition 2025: Why CO₂ Still Rising,Global Energy Transition 2025: Why CO₂ Still Rising and USD 30B–1T Funds Aren’t Closing the Gap,Energy & Utilities
8c6f587f-095c-4a54-af29-6899e8648576,https://www.kenresearch.com/articles/india-steel-growth-coking-coal-supply-gap,India Coking Coal 2030 Forecast: Rising Demand and Import Dependence,"India’s Coking Coal 2030: 135 MT Demand, 115 MT Imports, 90% Foreign Dependence - The Structural Gap Behind India’s Steel Ambition","Metal, Mining and Chemicals"
99ec712c-69e6-4ea2-8996-30dcf3104682,https://www.kenresearch.com/articles/saudi-construction-growth-forecast-2030-insights,Saudi Construction Market 2030 Growth Outlook & Investment Trends,Saudi Construction Market 2030: The USD 112 Billion Engine Powering the Gulf’s Next Growth Cycle,Manufacturing & Construction
bb7a8e34-3f75-4cdd-ba5b-62385a4acca3,https://www.kenresearch.com/articles/india-coking-coal-imports-forecast-supplier-analysis,India Coking Coal Imports to Reach 115 MT by FY30 Supplier Outlook,"India’s Coking-Coal Imports to Hit 115 MT by FY30: How Australia, Russia, Canada & Mongolia Really Stack Up",Energy & Utilities
9d59a5d4-8245-4cb6-b1a4-961b6050350c,https://www.kenresearch.com/articles/bubble-tea-market-india-manufacturing-roadmap,How Cassava Can Power India Bubble Tea Manufacturing by 2030,India Bubble Tea Manufacturing 2030 - How USD 450 Million Demand + 5.94 million Tonnes Cassava Can Cut Import Dependence,Consumer Products & Retail
78784a01-94c5-45e3-90ca-0f0524bde0ed,https://www.kenresearch.com/articles/vegan-food-industry-transformation-2025-strategic-outlook,SunOpta’s Strategic Shift Driving Global Vegan Food Market Growth,SunOpta’s 17% Growth in 2025: The Strategic Shift Powering the Global Vegan Food Market,"Food, Beverage & Tobacco"
21c2c75d-d98b-4071-a3ab-86a255a524fd,https://www.kenresearch.com/articles/used-car-market-opportunity-ksa-al-futtaim-strategy,Al-Futtaim Taps Saudi Arabia USD 11.9B Used-Car Opportunity,How Al-Futtaim Is Positioning for a USD 11.9 Billion Opportunity in Saudi Arabia’s Used-Car Market by 2030?,"Automotive, Transportation & Logistics"
f87ed612-f078-4de9-9c2e-0e869f6bc0c4,https://www.kenresearch.com/articles/saudi-arabia-mining-market-growth-outlook-2030,Saudi Arabia Mining Market Growth and Vision 2030 Outlook,Saudi Arabia Mining Market 2030: Can Vision 2030 Turn USD 75 billion in Minerals into the Kingdom’s Next Growth Engine?,"Metal, Mining and Chemicals"
14898267-c55d-45b5-b407-0729bfa04234,https://www.kenresearch.com/articles/india-wedding-industry-economic-impact-and-forecast,How India’s ₹6.5 Lakh Crore Wedding Market Fuels GDP Growth,Inside the ₹6.5 Lakh Crore India Wedding Market —The Unseen Force Behind GDP Growth,Consumer Products & Retail
cce73904-c524-4ba2-946d-d064b1db8355,https://www.kenresearch.com/articles/vietnam-semiconductor-strategy-future-investment,How Vietnam Became Asia’s Next USD 220B Semiconductor Hub,"Vietnam Semiconductor Market 2030: How Vietnam Is Becoming the USD 220B Chip Bridge Between the U.S., China & ASEAN",Technology & Telecom
4d8f7f3b-523b-468f-a598-d4b38fe5e19a,https://www.kenresearch.com/articles/food-delivery-market-digital-shift-and-opportunities,Global Food Delivery Market Growth and Digital Transformation 2025,The Global Food Delivery Market: How Digital Platforms Are Transforming Dining?,"Food, Beverage & Tobacco"
