node_id,url,title,h1,content_type,country
0513b7a4-cafe-43ab-9133-8d022f65fe17,https://www.kenresearch.com/qatar-nordic-regulatory-affairs-market,Qatar Nordic Regulatory Affairs Market | 2019-2030 | Ken Research,"Qatar nordic regulatory affairs market size, share, growth drivers, trends, opportunities & forecast 2025–2030",report,qatar
7d29a377-849a-4842-9655-e6152822502e,https://www.kenresearch.com/bahrain-pectin-market,"Bahrain Pectin Market Share, Companies & Trends Report 2025-2031","Bahrain Pectin Market Size, Share, Growth Drivers, Trends, Opportunities & Forecast 2025–2030",report,bahrain
e239a733-64cd-4236-8ba2-54ab32806278,https://www.kenresearch.com/indonesia-basalt-fiber-market,Indonesia Basalt Fiber Market | 2019 – 2030 | Ken Research,"Indonesia basalt fiber market size, share, growth drivers, trends, opportunities & forecast 2025–2030",report,indonesia
82d5699b-1105-4af3-94de-bc375063bc81,https://www.kenresearch.com/united-arab-emirates-low-gwp-refrigerants-market,"United Arab Emirates Low GWP Refrigerants Market Share, Companies & Trends Report 2025-2031",United Arab Emirates Low GWP Refrigerants Market Report Size  Share  Growth Drivers  Trends  Opportunities & Forecast 2025–2030,report,global
6051d6f2-28cb-4f26-a62c-c94d2ec32398,https://www.kenresearch.com/global-blood-screening-market,Global Blood Screening Market | 2024 – 2030 | Ken Research,Global Blood Screening Market,report,global
8a96ae2e-cb42-481d-ae01-3c28f490be70,https://www.kenresearch.com/middle-east-personal-protective-equipment-market,"Middle East Personal Protective Equipment Market Share, Companies & Trends Report 2025-2031","Middle East Personal Protective Equipment Market Report Size, Share, Growth Drivers, Trends, Opportunities & Forecast 2025–2030",report,middle east
11939ab5-5d3c-47ad-953d-10dc8a0bfca9,https://www.kenresearch.com/qatar-cath-labs-market,"Qatar Cath Labs Market Analysis, Trends & Forecast 2025-2031",Qatar Cath Labs Market Size Share Growth Drivers Trends Opportunities & Forecast 2025–2030,report,qatar
4990a86a-65cd-4da3-86dc-d357f89bb3df,https://www.kenresearch.com/industry-reports/north-america-xenon-market,North America Xenon Market Growth Analysis & Market Share Projection to 2030,North America Xenon Market Outlook to 2030,report,north america
2d1fade7-a17a-4275-b3a0-90d9f36d14d8,https://www.kenresearch.com/global-application-container-market,Global Application Container Market | 2019 – 2030 | Ken Research,Global Application Container Market,report,global
01eaea9f-d66d-4770-86a9-ec380c8bc840,https://www.kenresearch.com/industry-reports/north-america-bone-growth-stimulator-market,"North America Bone Growth Stimulator Market, Industry Analysis and Future Forecast to 2030",North America Bone Growth Stimulator Market Outlook to 2030,report,north america
660f9bc6-0732-4408-b16f-c2b028e9ef4a,https://www.kenresearch.com/industry-reports/china-battery-management-system-market,China Battery Management System Market Growth Analysis & Market Trends to 2030,China Battery Management System Market Outlook to 2030,report,china
e7127d10-00da-4494-92f1-37a9a64aeca7,https://www.kenresearch.com/philippines-ulcerative-colitis-market,"nan Market Analysis, Trends & Forecast 2025-2031",Philippines Ulcerative Colitis Market Report Size  Share  Growth Drivers  Trends  Opportunities & Forecast 2025–2030,report,philippines
506255b5-571f-4023-a077-2817144b0967,https://www.kenresearch.com/middle-east-smart-card-materials-market,nan Market Size & Forecast Report 2025-2031,Middle East Smart Card Materials Market Size  Share  Growth Drivers  Trends  Opportunities & Forecast 2025–2030,report,middle east
b89aea5c-a729-4637-ba0a-78e639f5d425,https://www.kenresearch.com/japan-compostable-paper-tray-market,"Japan Compostable Paper Tray Market Share, Companies & Trends Report 2025-2031",Japan Compostable Paper Tray Market Report Size  Share  Growth Drivers  Trends  Opportunities & Forecast 2025–2030,report,japan
1caa5d8f-7126-4f95-888b-bd9c7a607ed5,https://www.kenresearch.com/industry-reports/usa-microscope-market,"USA Microscope Market, Share, Major Players and Outlook to 2030",USA Microscope Market Outlook to 2030,report,usa
c9e3f60d-72fb-4861-8c25-788bff2a622d,https://www.kenresearch.com/bahrain-commercial-cleaning-products-market,"Bahrain Commercial Cleaning Products Market Share, Companies & Trends Report 2025-2031",Bahrain Commercial Cleaning Products Market Report Size  Share  Growth Drivers  Trends  Opportunities & Forecast 2025–2030,report,bahrain
159e38f0-db30-4795-925a-f1d8669bd5f8,https://www.kenresearch.com/uae-pet-boarding-services-market,"Uae Pet Boarding Services Market Share, Companies & Trends Report 2025-2030","Uae Pet Boarding Services Market Report Size, Share, Growth Drivers, Trends, Opportunities & Forecast 2025–2030",report,uae
45d753d8-6cae-40f3-bb1a-86e4c0c974f1,https://www.kenresearch.com/industry-reports/asia-pacific-flow-cytometry-market,Asia Pacific Flow Cytometry Market Growth and Analysis to 2030,Asia Pacific Flow Cytometry Market Outlook to 2030,report,apac
2935ba05-a2ac-4d30-804e-03553a9f4c84,https://www.kenresearch.com/thailand-coin-operated-commercial-laundry-market,"Thailand Coin Operated Commercial Laundry Market Share, Companies & Trends Report 2025-2031",Thailand Coin Operated Commercial Laundry Market Report Size  Share  Growth Drivers  Trends  Opportunities & Forecast 2025–2030,report,thailand
9ab9123e-f170-4f49-ab6a-68cd1908e9fa,https://www.kenresearch.com/oman-halal-hair-care-market,"Oman Halal Hair Care Market Share, Companies & Trends Report 2025-2031",Oman Halal Hair Care Market Size  Share  Growth Drivers  Trends  Opportunities & Forecast 2025–2030,report,oman
d71fd7d2-73f0-44fe-8b7d-e8b7ed899521,https://www.kenresearch.com/gcc-serverless-computing-market,GCC Serverless Computing Market | 2019 – 2030 | Ken Research,"GCC Serverless Computing Market Size, Share, Growth Drivers, Trends, Opportunities, Competitive Landscape & Forecast 2025–2030",report,gcc
eef78c32-b5a3-4ec0-8fe1-9a07428942da,https://www.kenresearch.com/italy-nutritional-dietary-supplements-market,"Italy Nutritional & Dietary Supplements Market Share, Companies & Trends Report 2025-2031",Italy Nutritional & Dietary Supplements Market,report,italy
13da7d12-4351-4fb7-afc0-0f299fe9ca54,https://www.kenresearch.com/uae-mini-led-market,"Uae Mini Led Market Share, Companies & Trends Report 2025-2031","Uae Mini Led Market Size, Share, Growth Drivers, Trends, Opportunities & Forecast 2025–2030",report,uae
372489b8-21bc-45d2-80bc-06078add89e7,https://www.kenresearch.com/industry-reports/usa-non-destructive-testing-market,USA Non-Destructive Testing (NDT) Market to 2030,USA Non-Destructive Testing (NDT) Market Outlook to 2030,report,usa
62a5beb9-e063-4d92-a2b6-b4330839490d,https://www.kenresearch.com/middle-east-application-performance-monitoring-market,"Middle East Application Performance Monitoring Market Share, Companies & Trends Report 2025-2030","Middle East application performance monitoring market report size, share, growth drivers, trends, opportunities & forecast 2025–2030",report,middle east
0ed788b3-f0a0-4988-84f0-e896a07343fb,https://www.kenresearch.com/australia-branded-generics-market,Australia Branded Generics Market Share & Companies Report 2025-2031,"Australia Branded Generics Market Report Size, Share, Growth Drivers, Trends, Opportunities & Forecast 2025–2030",report,australia
5f46b371-daa5-4933-9e77-b3a2bca3b0f4,https://www.kenresearch.com/vietnam-flame-arrestor-market,"Vietnam Flame Arrestor Market Share, Companies & Trends Report 2025-2031","Vietnam Flame Arrestor Market Report Size, Share, Growth Drivers, Trends, Opportunities & Forecast 2025–2030",report,vietnam
b833e28a-f7b3-4e24-b78f-29199ee0df7f,https://www.kenresearch.com/oman-baby-bottle-warmers-sterilizers-market,"Oman Baby Bottle Warmers Sterilizers Market Share, Companies & Trends Report 2025-2031","Oman baby bottle warmers sterilizers market report size, share, growth drivers, trends, opportunities & forecast 2025–2030",report,oman
206939fd-650c-46e1-aa98-5070d81e1ad9,https://www.kenresearch.com/uae-diesel-gensets-market,"Uae Diesel Gensets Market Share, Companies & Trends Report 2025-2031","Uae Diesel Gensets Industry Size, Share, Growth Drivers, Trends, Opportunities & Forecast 2025–2030",report,uae
69ee2232-5bb4-43ac-a6fb-6d064a82ad97,https://www.kenresearch.com/qatar-ai-driven-credit-scoring-market,Qatar AI-Driven Credit Scoring Market | 2019 – 2030 | Ken Research,Qatar AI-Driven Credit Scoring Market,report,qatar
a1bc29ad-311e-45a2-9a57-189202d7636d,https://www.kenresearch.com/philippines-apac-micro-led-market,nan Market Size & Forecast Report 2025-2031,Philippines APAC Micro LED Market Report Size  Share  Growth Drivers  Trends  Opportunities & Forecast 2025–2030,report,philippines
6ed7897e-040c-48a4-87a6-18004da32cb0,https://www.kenresearch.com/qatar-vagus-nerve-stimulation-market,Qatar Vagus Nerve Stimulation Market | 2019 – 2030 | Ken Research,"Qatar Vagus Nerve Stimulation Market Report Size, Share, Growth Drivers, Trends, Opportunities & Forecast 2025–2030",report,qatar
facb8f94-678f-4509-a74d-5d64f70398b1,https://www.kenresearch.com/ksa-bakelite-market,KSA Bakelite Market | 2019 – 2030 | Ken Research,"Ksa Bakelite Market Size, Share, Growth Drivers, Trends, Opportunities & Forecast 2025–2030",report,saudi arabia
bbe567d8-8814-4ae6-944b-775214a73a27,https://www.kenresearch.com/mexico-nutritional-supplements-functional-foods-market,Mexico Nutritional Supplements Market|2019-2030|Ken Research,Mexico Nutritional Supplements & Functional Foods Market,report,mexico
e98c88f0-2778-4679-90c0-cee9a94c6af6,https://www.kenresearch.com/industry-reports/north-america-camping-coolers-market,"North America Camping Coolers Market, Industry Trends, Challenges and Opportunities to 2030",North America Camping Coolers Market Outlook to 2030,report,north america
1fd61dbf-dd74-4746-98b0-bb0192357d60,https://www.kenresearch.com/industry-reports/global-sea-moss-supplement-market,"Global Sea Moss Supplement Market, Revenue Forecast, Market Forecasts & Outlook 2030",Global Sea Moss Supplement Market Outlook to 2030,report,global
0d0f4a34-6545-4045-852b-9c1f251142d0,https://www.kenresearch.com/poland-online-classifieds-and-auto-platforms-market,"Poland Online Classifieds and Auto Platforms Market Share, Companies & Trends Report 2025-2031",Poland Online Classifieds and Auto Platforms Market,report,poland
75b15409-044b-4711-93fa-0e04c793969f,https://www.kenresearch.com/us-silicon-photonics-market,"US Silicon Photonics Market Share, Companies & Trends Report 2025-2031","Us Silicon Photonics Market Size, Share, Growth Drivers, Trends, Opportunities & Forecast 2025–2030",report,usa
0f3ced97-941e-4d8b-b005-d250c2d462c5,https://www.kenresearch.com/thailand-commercial-hvac-rooftop-units-market,"Thailand Commercial HVAC Rooftop Units Market Share, Companies & Trends Report 2025-2031",Thailand Commercial HVAC Rooftop Units Market Report Size  Share  Growth Drivers  Trends  Opportunities & Forecast 2025–2030,report,thailand
397bc48d-8d0e-4111-aaf9-f7aedf864f36,https://www.kenresearch.com/japan-quantum-sensors-navigation-systems-market,"Japan Quantum Sensors & Navigation Systems Market Share, Companies & Trends Report 2025-2031",Japan Quantum Sensors & Navigation Systems Market,report,japan
8ac713c3-c1fb-40f6-a93b-12af07cea540,https://www.kenresearch.com/germany-facility-management-and-smart-services-market,"Germany Facility Management and Smart Services Market Share, Companies & Trends Report 2025-2031",Germany Facility Management and Smart Services Market,report,germany
73ff7c87-321e-405c-b883-ee10886546e7,https://www.kenresearch.com/global-detergents-market,Global Detergents Market | 2019 – 2030 | Ken Research,Global Detergents Market,report,global
172918f8-9b4b-4b89-8af9-22867586fbb2,https://www.kenresearch.com/gcc-molecular-biology-enzymes-kits-reagents-market,"GCC Molecular Biology Enzymes Kits Reagents Market Share, Companies & Trends Report 2025-2031","GCC molecular biology enzymes kits reagents market Size, Share, Growth Drivers, Trends, Opportunities & Forecast 2025–2030",report,gcc
74960e92-ca9c-4b8e-96b9-e7a498ca0987,https://www.kenresearch.com/new-zealand-specialty-oleochemicals-market,"New Zealand Specialty Oleochemicals Market Share, Companies & Trends Report 2025-2031","New Zealand Specialty Oleochemicals Market Size, Share, Growth Drivers, Trends, Opportunities & Forecast 2025–2030",report,new zealand
39c082a2-d4a8-449f-a51f-07f97cbe91a8,https://www.kenresearch.com/west-africa-battery-market,West Africa Battery Market | 2019 – 2030 | Ken Research,West Africa Battery Market,report,africa
6a8cd508-44cc-4dba-80d9-7cf7b474fa18,https://www.kenresearch.com/saudi-arabia-womens-fertility-clinics-market,"Saudi Arabia Women’s Fertility Clinics Market Share, Companies & Trends Report 2025-2031","Saudi Arabia Women’s Fertility Clinics Market Size, Share, Growth Drivers, Trends, Opportunities & Forecast 2025–2030",report,saudi arabia
fac0d57f-cf70-45b3-a9a0-345849fb1920,https://www.kenresearch.com/thailand-decorative-concrete-market,"Thailand Decorative Concrete Market Share, Companies & Trends Report 2025-2031",Thailand Decorative Concrete Market Report Size  Share  Growth Drivers  Trends  Opportunities & Forecast 2025–2030,report,thailand
3c0f5768-2a48-4d8e-94cf-04bcfcc50a7c,https://www.kenresearch.com/global-cyclohexane-market,Global Cyclohexane Market | 2019 – 2030 | Ken Research,Global Cyclohexane Market,report,global
16f6cdb7-e74f-4e7c-a3b2-026c515b9125,https://www.kenresearch.com/oman-business-process-outsourcing-bpo-market,"nan Market Size, Share, Outlook & Trends Report 2025-2031","Oman Africa Business Process Outsourcing Bpo Market Report Size, Share, Growth Drivers, Trends, Opportunities & Forecast 2025–2030",report,oman
afe7de8c-6ec0-4feb-8141-3640d4ab8e72,https://www.kenresearch.com/saudi-arabia-diabetic-retinopathy-market,"KSA Diabetic Retinopathy Market Share, Companies & Trends Report 2025-2030","KSA diabetic retinopathy market size, share, growth drivers, trends, opportunities & forecast 2025–2030",report,saudi arabia
34766755-5a55-4b69-9107-0e92ffea3bbb,https://www.kenresearch.com/bahrain-glufosinate-ammonium-market,"Bahrain Glufosinate Ammonium Market Share, Companies & Trends Report 2025-2030","Bahrain Glufosinate Ammonium Market Report Size, Share, Growth Drivers, Trends, Opportunities & Forecast 2025–2030",report,bahrain
5e145ab2-f771-4ec8-88f1-70c2ce291670,https://www.kenresearch.com/bahrain-microprocessor-market,Bahrain Microprocessor Market | 2019 – 2030 | Ken Research,Bahrain Microprocessor Market Report Size  Share  Growth Drivers  Trends  Opportunities & Forecast 2025–2030,report,bahrain
4456d73a-b0f4-4af7-bb4e-94ebff77992e,https://www.kenresearch.com/apac-protein-purification-isolation-market,"Apac Protein Purification Isolation Market Share, Companies & Trends Report 2025-2031","Apac Protein Purification Isolation Market Size, Share, Growth Drivers, Trends, Opportunities & Forecast 2025–2030",report,apac
92cfa263-e0fd-4efc-a5db-fd8f1a7d0152,https://www.kenresearch.com/industry-reports/global-euv-lithography-market,"Global EUV Lithography Market Size, Trends and Forecast to 2030",Global EUV Lithography Market Outlook to 2030,report,global
c693b490-c1ea-40d1-9f61-22e06097b6bd,https://www.kenresearch.com/philippines-ecg-patch-holter-monitor-market,Philippines ECG Patch Holter Market | 2019-2030 | Ken Research,Philippines ECG Patch Holter Monitor Market,report,philippines
bc42cb2b-f036-470c-b0fd-523c55b47533,https://www.kenresearch.com/oman-auto-repair-franchise-chains-workshops-market,Oman Auto Repair Market | 2019 – 2030 | Ken Research,"Oman Auto Repair Franchise Chains & Workshops Market Size, Share, Growth Drivers, Trends, Opportunities, Competitive Landscape & Forecast 2025–2030",report,oman
52c5496e-dda2-481e-8117-82da8137062d,https://www.kenresearch.com/australia-torpedo-market,"Australia Torpedo Market Share, Companies & Trends Report 2025-2030",Australia Torpedo Market Report Size  Share  Growth Drivers  Trends  Opportunities & Forecast 2025–2030,report,australia
0bee27d7-b501-4ae9-9a5a-dcd28dcbe79d,https://www.kenresearch.com/global-railway-management-system-market,Railway Management System Market | 2019 – 2030 | Ken Research,Global Railway Management System Market,report,global
427f34e4-3051-4621-aba9-291e93a9fbe2,https://www.kenresearch.com/global-unmanned-systems-market,"Unmanned Systems Market Share, Companies & Trends Report 2025-2031","Global unmanned systems market report Size, Share, Growth Drivers, Trends, Opportunities & Forecast 2025–2030",report,global
f2cf210e-5ae3-4a41-87a3-93d5f4b63c43,https://www.kenresearch.com/philippines-graphics-card-market,Philippines Graphics Card Market | 2019 – 2030 | Ken Research,Philippines Graphics Card Market Report Size  Share  Growth Drivers  Trends  Opportunities & Forecast 2025–2030,report,philippines
c98fbb78-29dc-4604-b9bb-b841099975d8,https://www.kenresearch.com/oman-herpes-infection-treatment-market,Oman Herpes Infection Treatment Market Size & Forecast Report 2025-2031,Oman Herpes Infection Treatment Market Report Size Share Growth Drivers Trends Opportunities And Forecast 2025–2030,report,oman
6d5bb878-6679-4ce4-913d-f21e76d4d8ac,https://www.kenresearch.com/uae-connected-thermostat-market,"UAE Connected Thermostat Market Share, Companies & Trends Report 2025-2031","UAE connected thermostat market report Size, Share, Growth Drivers, Trends, Opportunities & Forecast 2025–2030",report,uae
efb517bb-6bd3-4162-807b-e17c7a100457,https://www.kenresearch.com/bahrain-virtual-visits-market,"Bahrain Virtual Visits Market Share, Companies & Trends Report 2025-2031",Bahrain Virtual Visits Market Size  Share  Growth Drivers  Trends  Opportunities & Forecast 2025–2030,report,bahrain
1f911d33-0dfc-452b-b360-9ec79d8fc0e0,https://www.kenresearch.com/industry-reports/asia-pacific-locomotive-market,"Asia-Pacific Locomotive Market Size, Growth Trends & Industry Forecast Report 2030",Asia-Pacific Locomotive Market Outlook to 2030,report,apac
758b6687-7091-4e59-8919-737cc72481d6,https://www.kenresearch.com/industry-reports/global-electric-switch-market,Global Electric Switch Market Strategic Growth & Sector Trends to 2030,Global Electric Switch Market Outlook 2030,report,global
c3362aca-d58f-46e8-9f7a-4553d741c984,https://www.kenresearch.com/industry-reports/usa-dragon-fruit-market,USA Dragon Fruit Market | 2019 – 2030 | Ken Research,USA Dragon Fruit Market Outlook to 2030,report,usa
4430a689-8c1a-4bd3-9193-44e505044771,https://www.kenresearch.com/saudi-arabia-carpet-and-rugs-market,Saudi Arabia Carpet And Rugs Market | 2019 – 2030 | Ken Research,Saudi Arabia Carpet And Rugs Market,report,saudi arabia
396c563a-2d37-4eb5-84cc-72bb9b7babb3,https://www.kenresearch.com/saudi-arabia-corneal-topographers-market,"Saudi Arabia Corneal Topographers Market Share, Companies & Trends Report 2025-2031",Saudi Arabia Corneal Topographers Market Size  Share  Growth Drivers  Trends  Opportunities & Forecast 2025–2030,report,saudi arabia
533acc65-671a-4249-ac85-1125d28a0cc9,https://www.kenresearch.com/industry-reports/usa-pen-needle-market,"USA Pen Needles Market, Industry Growth and Forecast to 2030",USA Pen Needle Market Outlook to 2030,report,usa
8a66a359-8e54-4e66-beba-e7f0129b37fa,https://www.kenresearch.com/industry-reports/india-distributed-control-systems-market,"India Distributed Control Systems Market, Industry Growth and Forecast to 2030",India Distributed Control Systems Market Outlook to 2030,report,india
4219d61a-7a6c-4afa-8685-5e7b0406754f,https://www.kenresearch.com/bahrain-phosphate-esters-market,Bahrain Phosphate Esters Market | 2019 – 2030 | Ken Research,Bahrain Phosphate Esters Market Report Size  Share  Growth Drivers  Trends  Opportunities & Forecast 2025–2030,report,bahrain
634c4c4e-ee6e-411f-b0b9-58f67148e310,https://www.kenresearch.com/vietnam-customer-experience-business-process-outsourcing-market,"Vietnam Customer Experience Business Process Outsourcing Market Share, Companies & Trends Report 2025-2031",Vietnam Customer Experience Business Process Outsourcing Market Report Size  Share  Growth Drivers  Trends  Opportunities & Forecast 2025–2030,report,vietnam
87e08b87-fe9d-4809-b663-992448837c21,https://www.kenresearch.com/qatar-processed-pumpkin-market,"Qatar Processed Pumpkin Market Share, Companies & Trends Report 2025-2031","Qatar Processed Pumpkin Market Size, Share, Growth Drivers, Trends, Opportunities & Forecast 2025–2030",report,qatar
3a3e57a4-c147-411f-8fd6-8b671464dddb,https://www.kenresearch.com/north-america-14-butanediol-market,"North America 1,4 Butanediol Market Growth & Analysis Report 2025-2031","North America 1,4 Butanediol Market Outlook to 2030: Size, Share, Growth and Trends",report,north america
88b8f851-d53d-4b25-a48b-b5b5b4595c28,https://www.kenresearch.com/saudi-arabia-blood-iv-warmers-market,Saudi Arabia Blood IV Warmers Market | 2024 – 2030 | Ken Research,"Ksa Blood Iv Warmers Market Size, Share, Growth Drivers, Trends, Opportunities & Forecast 2025–2030",report,saudi arabia
3cf679df-bf70-4986-bc77-920497eb299b,https://www.kenresearch.com/bahrain-non-magnetic-wheelchair-market,"Bahrain Non Magnetic Wheelchair Market Share, Companies & Trends Report 2025-2030","Bahrain Non Magnetic Wheelchair Market Report Size, Share, Growth Drivers, Trends, Opportunities & Forecast 2025–2030",report,bahrain
e56c96ba-1d1f-449d-8111-de7e3f55faad,https://www.kenresearch.com/thailand-facility-management-in-hospitals-market,"Thailand Facility Management in Hospitals Market Share, Companies & Trends Report 2025-2031",Thailand Facility Management in Hospitals Market,report,thailand
7acf9cab-e0e9-4a10-b272-ef549ef14462,https://www.kenresearch.com/industry-reports/asia-pacific-non-invasive-prenatal-testing-market,Asia-Pacific Non-Invasive Prenatal Testing Market Report,Asia-Pacific Non-Invasive Prenatal Testing (NIPT) Market Outlook to 2030,report,apac
20d37625-74c5-4465-a7bc-a026b5c2c0d9,https://www.kenresearch.com/bahrain-neobanking-apps-market,"Bahrain Neobanking Apps Market Share, Companies & Trends Report 2025-2031",Bahrain Neobanking Apps Market,report,bahrain
6595ea6a-5f19-4f63-8904-c16d2397788b,https://www.kenresearch.com/asia-pacific-electric-generators-market,Asia Pacific Electric Generators Market | 2019 – 2030 | Ken Research,Asia Pacific Electric Generators Market,report,apac
d2a479cf-8ad3-4f63-a142-0c8fc29a54dc,https://www.kenresearch.com/industry-reports/global-herpangina-treatment-market,Global Herpangina Treatment Market Trends & forecast to 2030,Global Herpangina Treatment Market Outlook to 2030,report,global
6e9a8864-50ad-4df0-90be-dfd06dfc5eb2,https://www.kenresearch.com/oman-parking-management-market,"Oman Parking Management Market Share, Companies & Trends Report 2025-2031","Oman parking management market Size, Share, Growth Drivers, Trends, Opportunities & Forecast 2025–2030",report,oman
e6c6a5fd-d243-4534-b56d-26b3e6e59c32,https://www.kenresearch.com/bahrain-gene-synthesis-research-use-market,"Bahrain Gene Synthesis Research Use Market Share, Companies & Trends Report 2025-2031",Bahrain Gene Synthesis Research Use Market Report Size  Share  Growth Drivers  Trends  Opportunities & Forecast 2025–2030,report,bahrain
4590eeda-568d-47f6-be4a-81d619fd57c7,https://www.kenresearch.com/bahrain-pentanediamine-market,"Bahrain Pentanediamine Market Share, Companies & Trends Report 2025-2031",Bahrain Pentanediamine Market Report Size  Share  Growth Drivers  Trends  Opportunities & Forecast 2025–2030,report,bahrain
7d3ad357-4741-4bd2-9067-624a26543112,https://www.kenresearch.com/saudi-arabia-mortgage-finance-market,"Saudi Arabia Mortgage Finance Market Share, Companies & Trends Report 2025-2030","Saudi Arabia Mortgage Finance Market Size, Share, Growth Drivers & Forecast 2025–2030",report,saudi arabia
9eb6726f-f165-446f-8e85-b1377474ce3b,https://www.kenresearch.com/global-homeshopping-market,"Global Homeshopping Market Share, Companies & Trends Report 2025-2031",Global Homeshopping Market,report,global
e087b958-84ca-473a-97b0-aea242036713,https://www.kenresearch.com/mexico-facility-management-and-ifm-market,Mexico Facility Management Market | 2019 – 2030 | Ken Research,Mexico Facility Management and IFM Market,report,mexico
f2c1cee0-9b53-47f6-b347-1a1ceba17bca,https://www.kenresearch.com/global-polyethyleneimine-market,Global Polyethyleneimine Market | 2019 – 2030 | Ken Research,Global Polyethyleneimine Market,report,global
e545374e-545a-4d0f-a438-12d2fd47341c,https://www.kenresearch.com/united-arab-emirates-atomic-absorption-spectrometer-market,"United Arab Emirates Atomic Absorption Spectrometer Market Share, Companies & Trends Report 2025-2031","United Arab Emirates Atomic Absorption Spectrometer Market Size, Share, Growth Drivers, Trends, Opportunities & Forecast 2025–2030",report,global
88191a9d-fd34-4fbc-8d92-ecfc52aa8c70,https://www.kenresearch.com/industry-reports/indonesia-autonomous-sensor-technology-market,"Indonesia Sensor Technology Industry Overview and Insights, Size, Trends and Forecast to 2030",Indonesia Autonomous & Sensor Technology Market Outlook to 2030,report,indonesia
192b11ca-e72e-4eda-8c44-98393d7dd35c,https://www.kenresearch.com/global-chemiluminescence-immunoassay-clia-market,Global CLIA Market | 2023 – 2032 | Ken Research,Global Chemiluminescence Immunoassay (CLIA) Market,report,global
90de800e-c21d-4ef0-bbd7-2da53b5ecc0b,https://www.kenresearch.com/malaysia-death-care-market,"Malaysia Death Care Market Share, Companies & Trends Report 2025-2031",Malaysia Death Care Market,report,malaysia
aea3ecec-479d-44d3-aad6-8989eb518fd4,https://www.kenresearch.com/indonesia-hydrocephalus-shunts-market,Indonesia Hydrocephalus Shunts Market | 2019 – 2030 | Ken Research,Indonesia Hydrocephalus Shunts Market,report,indonesia
33fb7e48-d06e-40e1-b347-828f57a3b465,https://www.kenresearch.com/industry-reports/global-light-sensor-market,Global Light Sensor Market Growth and Forecast to 2030,Global Light Sensor Market Outlook to 2030,report,global
36be56ce-b68a-48a9-b6b1-7930f7dc3cf9,https://www.kenresearch.com/vietnam-turboexpander-market,"Vietnam Turboexpander Market Share, Companies & Trends Report 2025-2031",Vietnam Turboexpander Market Report Size  Share  Growth Drivers  Trends  Opportunities & Forecast 2025–2030,report,vietnam
601e56de-882b-4b86-bea8-4e8762e619da,https://www.kenresearch.com/industry-reports/indonesia-image-recognition-market,"Indonesia Image Recognition Market, Industry Challenges, Analysis and Outlook to 2030",Indonesia Image Recognition Market Outlook to 2030,report,indonesia
f0ab1833-e4aa-4122-89ec-4a907b7a4f0d,https://www.kenresearch.com/global-tactical-communication-market,"Global Tactical Communication Market Share, Companies & Trends Report 2025-2031",Global Tactical Communication Market,report,global
8231de89-9fc1-47c1-8b55-5aeb9bcb6811,https://www.kenresearch.com/portugal-luggage-bags-industry-market,"Portugal Luggage & Bags Market Share, Companies & Trends Report 2025-2031",Portugal Luggage & Bags Industry Market,report,portugal
0dc9702a-6029-4a6d-9bae-9fe3ad2dfe87,https://www.kenresearch.com/vietnam-fucoidan-market,"Vietnam Fucoidan Market Share, Companies & Trends Report 2025-2031",Vietnam Fucoidan Market Report Size  Share  Growth Drivers  Trends  Opportunities & Forecast 2025–2030,report,vietnam
20e65a16-c95e-429a-8d3b-224f8d80916a,https://www.kenresearch.com/industry-reports/usa-orthodontics-market,"U.S. Orthodontics Market Analysis, Size, Trends & Growth Forecast Report 2030",USA Orthodontics Market Outlook to 2030,report,usa
cc953448-9070-4ea9-a58b-fe77974861ab,https://www.kenresearch.com/kuwait-pacific-reflective-materials-market,"Kuwait Pacific Reflective Materials Market Share, Companies & Trends Report 2025-2031",Kuwait Pacific Reflective Materials Market Size  Share  Growth Drivers  Trends  Opportunities & Forecast 2025–2030,report,kuwait
706a2588-1fdd-41d7-8559-f23ce722c0fe,https://www.kenresearch.com/qatar-pediatric-clinics-market,"Qatar Pediatric Clinics Market Share, Companies & Trends Report 2025-2030","Qatar Pediatric Clinics Market Size, Share, Growth Drivers, Trends, Opportunities & Forecast 2025–2030",report,qatar
ab4f009b-1b91-4ec5-8f84-ec98cf3efcab,https://www.kenresearch.com/oman-stoma-care-market,"Oman Stoma Care Market Share, Companies & Trends Report 2025-2031","Oman stoma care market report Size, Share, Growth Drivers, Trends, Opportunities & Forecast 2025–2030",report,oman
d9ca09b6-e92e-41a7-af8d-cfae099b5d04,https://www.kenresearch.com/industry-reports/indonesia-pet-care-market,"Indonesia Pet Care Market, Share, Revenue and Strategic Insights to 2030",Indonesia Pet Care Market Outlook to 2030,report,indonesia
02ec6726-9b61-4746-ae56-b9e1677d1db2,https://www.kenresearch.com/middle-east-command-control-systems-market,Middle East C2 Systems Market | 2019 – 2030 | Ken Research,"Middle East Command Control Systems Market Size, Share, Growth Drivers, Trends, Opportunities & Forecast 2025–2030",report,middle east
596ed523-fe1f-464a-948e-967d8277b51c,https://www.kenresearch.com/global-byod-market,Global BYOD Market | 2019 – 2030 | Ken Research,Global BYOD Market,report,global
ea2b57fc-b648-4f98-9f11-a889250096a3,https://www.kenresearch.com/usa-quillaia-extracts-market,"United States Quillaia Extracts Market Size USD 216.0 Mn, Forecast To 2030","United States Quillaia Extracts Market Outlook to 2030: Size, Share, Growth and Trends",report,usa
c3df9c93-ad05-4607-9716-f95be171725f,https://www.kenresearch.com/oman-diabetes-devices-market,Oman Diabetes Devices Market | 2019 – 2030 | Ken Research,"Oman Diabetes Devices Market Size, Share, Growth Drivers, Trends, Opportunities & Forecast 2025–2030",report,oman
11c6be34-4d4e-41f4-b824-83075746ea37,https://www.kenresearch.com/united-states-machine-tools-market,United States Machine Tools Market | 2019 – 2030 | Ken Research,United States Machine Tools Market,report,usa
d0f21f14-2341-42ca-8dfe-638fe252bb72,https://www.kenresearch.com/gcc-bicycle-sharing-market,"GCC Bicycle Sharing Market Share, Companies & Trends Report 2025-2031","GCC bicycle sharing market report Size, Share, Growth Drivers, Trends, Opportunities & Forecast 2025–2030",report,gcc
d6f05bf2-cecc-41c2-a646-465005c7f74c,https://www.kenresearch.com/philippines-flip-chip-market,"Philippines Flip Chip Market Growth, CAGR 52.83% & Forecast 2025-2031",Philippines Flip Chip Market Report Size  Share  Growth Drivers  Trends  Opportunities & Forecast 2025–2030,report,philippines
6cb2340b-9483-4e29-bb78-31f05facf4f0,https://www.kenresearch.com/global-air-deflector-market,Global Air Deflector Market | 2019 – 2030 | Ken Research,"Global Air Deflector Market Report Size, Share, Growth Drivers, Trends, Opportunities & Forecast 2025–2030",report,global
5b720a03-920c-49e1-83d2-9f1508df0d76,https://www.kenresearch.com/qatar-uav-market,Qatar UAV Market | 2019 – 2030 | Ken Research,Qatar UAV Market,report,qatar
c93c01a3-7c7d-425d-8949-724b7cd82ad2,https://www.kenresearch.com/industry-reports/north-america-tablet-market,"North America Tablet Market, Business Potential and Key Developments to 2030",North America Tablet Market Outlook to 2030,report,north america
4e60c21a-4c03-4776-96de-e9d711f32b2f,https://www.kenresearch.com/japan-security-paper-market,"Japan Security Paper Market Share, Companies & Trends Report 2025-2031",Japan Security Paper Market Size  Share  Growth Drivers  Trends  Opportunities & Forecast 2025–2030,report,japan
44d3ca67-efe6-46aa-8302-2b85e74b85f3,https://www.kenresearch.com/saudi-arabia-turf-protection-market,Saudi Arabia Turf Protection Market | 2019 – 2030 | Ken Research,"KSA turf protection market report Size, Share, Growth Drivers, Trends, Opportunities & Forecast 2025–2030",report,saudi arabia
83f7357b-d329-41b2-8d3a-3c4b1262302c,https://www.kenresearch.com/vietnam-home-water-filtration-unit-market,Vietnam Home Water Filtration Unit Market Size & Forecast Report 2025-2031,"Vietnam Home Water Filtration Unit Market Report Size, Share, Growth Drivers, Trends, Opportunities & Forecast 2025–2030",report,vietnam
e470cd75-671b-4f21-b533-d4a734f3ccde,https://www.kenresearch.com/global-benzene-toluene-xylene-btx-market,Global BTX Market | 2019 – 2030 | Ken Research,Global Benzene Toluene Xylene Btx Market,report,global
8c08af07-64b2-4114-9b6c-e0fded5f258e,https://www.kenresearch.com/saudi-arabia-failure-analysis-test-equipment-semiconductors-market,"Saudi Arabia Failure Analysis Test Equipment Semiconductors Market Share, Companies & Trends Report 2025-2030",Saudi Arabia Failure Analysis Test Equipment Semiconductors Market Report Size  Share  Growth Drivers  Trends  Opportunities & Forecast 2025–2030,report,saudi arabia
0166ac10-88ff-4223-8184-402b02ded53c,https://www.kenresearch.com/indonesia-coin-operated-commercial-laundry-market,"Indonesia Coin Operated Commercial Laundry Market Share, Companies & Trends Report 2025-2031",Indonesia Coin Operated Commercial Laundry Market Report Size  Share  Growth Drivers  Trends  Opportunities & Forecast 2025–2030,report,indonesia
3c0a1f6a-e56e-4546-93e3-253bcf62ff1f,https://www.kenresearch.com/oman-bike-market,Oman Bike Market | 2019 – 2030 | Ken Research,"Oman bike market report size, share, growth drivers, trends, opportunities & forecast 2025–2030",report,oman
8938fc7b-c1df-4425-8eaf-75a5a80f783b,https://www.kenresearch.com/bahrain-embedded-security-market,"Bahrain Embedded Security Market Share, Companies & Trends Report 2025-2031","Bahrain embedded security market report Size, Share, Growth Drivers, Trends, Opportunities & Forecast 2025–2030",report,bahrain
8380d142-83fe-4c9d-ad1d-be6556a4b848,https://www.kenresearch.com/united-arab-emirates-anime-movies-tv-shows-market,"United Arab Emirates Anime Movies TV Shows Market Share, Companies & Trends Report 2025-2031",United Arab Emirates Anime Movies TV Shows Market Report Size  Share  Growth Drivers  Trends  Opportunities & Forecast 2025–2030,report,global
f07b1b54-9c40-4491-92cd-8fa5b74c40bc,https://www.kenresearch.com/oman-asphalt-mixing-plants-market,"Oman Asphalt Mixing Plants Market Share, Companies & Trends Report 2025-2031","Oman Asphalt Mixing Plants Market Report Size, Share, Growth Drivers, Trends, Opportunities & Forecast 2025–2030",report,oman
870b7d79-be16-44ae-8ba5-5ec9f3cab496,https://www.kenresearch.com/industry-reports/global-multiple-launch-rocket-systems-market,Global Multiple Launch Rocket Systems Market Forecast to 2030,Global Multiple Launch Rocket Systems Market Outlook to 2030,report,global
4656bb5c-eee1-4ebb-a681-908697eab162,https://www.kenresearch.com/kuwait-ceramide-market,Kuwait Ceramide Market Size & Forecast Report 2025-2031,Kuwait Ceramide Market Size  Share  Growth Drivers  Trends  Opportunities & Forecast 2025–2030,report,kuwait
b85182b1-c8f2-41b7-99b7-0df9c8353259,https://www.kenresearch.com/middle-east-radiation-cured-market,"Market Intelligence Reports Across 1,500+ Industries | Ken Research",Market Intelligence for Strategic Decisions,report,middle east
b3fa3e67-f62a-4ed5-a4c5-815a66b6a3dc,https://www.kenresearch.com/bahrain-intent-based-networking-market,Bahrain Intent Based Networking Market Size & Forecast Report 2025-2031,Bahrain Intent Based Networking Market Report Size  Share  Growth Drivers  Trends  Opportunities & Forecast 2025–2030,report,bahrain
d7e61f29-f9a0-4fbf-9eb2-c3a9a7469abd,https://www.kenresearch.com/australia-uranium-enrichment-market,"Australia Uranium Enrichment Market Share, Companies & Trends Report 2025-2031","Australia Uranium Enrichment Market Size, Share, Growth Drivers, Trends, Opportunities & Forecast 2025–2030",report,australia
797a23ba-d94d-4028-9e2c-3313e48057f3,https://www.kenresearch.com/industry-reports/usa-football-shoes-market,USA Football Shoes Market Trends & Growth Opportunities to 2030,USA Football Shoes Market Outlook to 2030,report,usa
1e2b5c13-64b3-45c6-a05a-a5fe33e7ae52,https://www.kenresearch.com/saudi-arabia-airsoft-guns-market,Saudi Arabia Airsoft Guns Market | 2019 – 2030 | Ken Research,"Saudi Arabia airsoft guns market size, share, growth drivers, trends, opportunities & forecast 2025–2030",report,saudi arabia
edd5ba03-9b5d-4532-a3cd-6a727fd0b0f2,https://www.kenresearch.com/vietnam-interactive-whiteboard-market,"Vietnam Interactive Whiteboard Market Share, Companies & Trends Report 2025-2030","Vietnam interactive whiteboard market Size, Share, Growth Drivers, Trends, Opportunities & Forecast 2025–2030",report,vietnam
02927379-673c-4b53-8e05-d1cda41148e9,https://www.kenresearch.com/industry-reports/brazil-pharmaceuticals-market,Brazil Pharmaceuticals Market Size Industry And Outlook to 2025,Brazil Pharmaceuticals Market Outlook to 2025,report,brazil
ca4fadc1-bb9a-402f-b1a0-76790979a6b9,https://www.kenresearch.com/articles/gcc-dental-equipment-market-opportunities-forecast,"Middle East Dental Market 2024-2029: Import Dependency, Vision 2030 Push & GCC Growth Trends","Import Heavy, Opportunity Rich: The Untapped Potential of GCC Dental Equipment",article,gcc
e00bf819-aaa9-4a58-87bc-ae3811b1fa44,https://www.kenresearch.com/articles/genset-after-sales-crisis-india-service-benchmark,India Diesel and Gas Genset Industry After-Sales Crisis,The Silent Generator Crisis: What Post-Purchase Experience Reveals About India's Genset After-Sales Ecosystem,article,india
a63adfb1-c4f1-4db8-a102-78e0539ad9ee,https://www.kenresearch.com/articles/india-api-market-dependency-to-dominance,India API Market Shift from Import Dependence to Scale,India’s API Market: From Dependency to Dominance,article,india
487db621-f173-44ea-a12d-b3f19805aa69,https://www.kenresearch.com/articles/india-busbar-value-chain-design-control,India Busbar Market: Design Ownership for Future Growth,Winning Through Design Control: India’s Next Move in the Busbar Value Chain,article,india
37747a91-99d5-447c-ae96-0aa6595d83b7,https://www.kenresearch.com/articles/uae-cement-market-outlook-entry-opportunity,"UAE Cement Market Size, Outlook & Strategic Entry 2025","UAE Cement Market: Oversupplied, Under Pressure But Ripe for Strategic Entry",article,uae
74cea506-826d-4367-9927-5d8bcdedaf9d,https://www.kenresearch.com/articles/india-bpc-growth-opportunity-brand-equity,India BPC Market Growth: Why Brand Equity Will Matter More,Your BPC Brand Is Optimising for the Wrong Thing in India's USD 33Bn Market,article,india
2eb0b74b-312f-44e1-84a1-4bdd2444648f,https://www.kenresearch.com/articles/vietnam-mushroom-imports-vs-domestic-production-gap,Why Vietnam Imports Over USD 100M in Mushrooms Despite Strong Domestic Production,Why Vietnam Imports Over USD 100M in Mushrooms Despite Strong Domestic Production,article,vietnam
001448a1-ad5f-4b56-aec0-04f554304c69,https://www.kenresearch.com/articles/india-citrus-market-disruption-and-growth,India Citrus Sector Transformation: From Volume to Exports,Can India Transform Its Citrus Sector to Capture a Larger Share of the USD 15+ Billion Global Citrus Market?,article,india
9879e03f-0913-4b7d-b280-baeb010e21e5,https://www.kenresearch.com/articles/future-of-india-chilli-market-2030,"India Chilli Market 2025: Production, Export Risks, and Value Chain Opportunities","India’s ₹40,000 Crore Chilli Market: From Export Dominance to the Challenge of Sustainable Growth",article,india
6538bf48-f266-40df-9d67-cc4970e90d17,https://www.kenresearch.com/articles/global-mattress-market-growth-fire-retardant-expansion,Fire Retardant Mattress Market Sleepwell Strategy and Growth,"15% Revenue Growth, 50% India Market Share, and USD 70.8 Billion Global Opportunity: Are Positioning Sleepwell at the Centre of the Fire-Retardant Mattress Expansion?",article,global
9e137a60-2e4d-42fa-a5d4-9caead1f737a,https://www.kenresearch.com/articles/indonesia-poultry-producers-market,Indonesia  Poultry Producers Market,Indonesia  Poultry Producers Market,article,indonesia
5a702b84-34f7-4d39-9b94-d3abe7d2009d,https://www.kenresearch.com/articles/akzonobel-growth-strategy-vietnam-paints-market,AkzoNobel Growth in Vietnam Paints Market | Ken Research,5% Growth in a 2% Market: How Is AkzoNobel Winning in Vietnam’s USD 2.8 Billion Paints & Coatings Industry?,article,vietnam
2ca638c5-8177-4460-b613-31be1c574094,https://www.kenresearch.com/articles/india-makhana-market-future-and-export-opportunity,India Makhana Market- Production Dominance vs Processing Gaps,Why Does India Dominate Global Makhana Production but Still Struggle to Industrialise the Crop?,article,india
70f1ae69-13ca-4937-95cf-69fb52b961e5,https://www.kenresearch.com/articles/wakefit-growth-strategy-india-sleep-wellness,Wakefit Growth Strategy in India’s Sleep Market | Ken Research,"₹421 Crore Quarterly Revenue, ₹1,288 Crore IPO and 125 Stores Expansion Are Positioning Wakefit at the Centre of India’s ₹5.9 Trillion Sleep Wellness Opportunity",article,india
5c38761a-4d0c-4c1f-a7ce-5aad28226d05,https://www.kenresearch.com/articles/india-infrastructure-capex-reshaping-heavy-equipment-market,India’s Heavy Load Equipment Market to Reach USD 3.55 Million,Revenue Set to Double to USD 3.55 Million as Infrastructure and Industrial Capex Reshape India’s Heavy Load Moving Equipment Market,article,india
32bdeb6e-b80c-47ed-b1fb-d0e4c1e43943,https://www.kenresearch.com/articles/india-eye-health-supplements-demand-shift,India Eye Health Supplements Market Growth to 2033,India Eye Health Supplements Market to Grow at 10.2% CAGR as 886 Mn Internet Users and 347 Mn Elderly Reshape Demand by 2033,article,india
d75e632a-cbfb-48b7-9fba-8591cf9b82b0,https://www.kenresearch.com/articles/india-sportswear-market-tier2-tier3-opportunity,India Sportswear Market Growth: Tier-2 & Tier-3 Cities India,USD 17.52 Billion Opportunity: Why Tier-2 and Tier-3 Cities Are Redefining Competitive Advantage in India’s Sportswear Market,article,india
3aa0dca1-b34d-43f0-a9ab-e334345c47c0,https://www.kenresearch.com/articles/smart-air-purifier-market-profit-battleground,Smart Air Purifier Market: How IoT Platforms Are Winning,Why the USD 2.55B Smart Air Purifier Market Is Becoming a Profit Battleground for IoT Platforms?,article,global
84f8f3cc-126e-4d0c-91d6-52d61ba0cf47,https://www.kenresearch.com/articles/indonesia-plastic-pipe-market-spec-led-growth,Indonesia Plastic Pipe Market Shifts to Spec-Led Growth,"Indonesia Plastic Pipe Market Enters a Spec-Led Growth Cycle as SNI Rules, 61+ Water Projects and PN 16-20 Pipes Shift Demand",article,indonesia
73d8fe41-3ea1-4cdc-bb84-2c6c8f1d98ba,https://www.kenresearch.com/articles/malaysia-led-market-policy-support-impact,"Malaysia LED Bulb Market 2030: Smart LEDs, Policy, LaaS","Malaysia’s LED Bulb Market Evolution: Smart LEDs, Local Self-Sufficiency, and Policy Support Set to Drive USD 58 Million Growth by 2030",article,malaysia
e885b2ff-ae49-42e3-bf4d-5ccb28d2cac4,https://www.kenresearch.com/articles/saudi-perfume-market-growth-premium-consumption,Saudi Arabia Perfume Market Growth Fueled by Premium Demand,Saudi Arabia Perfume Market Is Exploding: How 8x Higher Consumption Is Building a SAR 20 million Luxury Engine?,article,saudi arabia
b3857803-81bd-4789-8aa7-f26a03fced32,https://www.kenresearch.com/articles/india-kiwi-market-growth-import-dependence,India Kiwi Market Growth Hits ₹95 Bn: Imports vs Local Supply,"India’s Kiwi Market Is Racing Toward ₹95 Billion, But 70% Still Comes from Imports: Can India Ever Compete with New Zealand and Chile?",article,india
e5b2aa04-865e-49ee-a44e-55d42aa3f1f3,https://www.kenresearch.com/articles/healthkart-protein-market-india-profit-fy25,"India Protein Gap Built HealthKart’s ₹1,313 Cr Profitable Business","HealthKart Turned India’s Protein Crisis into ₹1,313 Crore Revenue and ₹120 Crore Profit in FY25",article,india
c79e8ec5-01da-459e-be5a-3f90089f7b28,https://www.kenresearch.com/articles/europe-truck-leasing-market-growth-transformation,Europe Truck Leasing Market Shifts Toward Long-Term Growth,Europe Truck Leasing Market Is Being Transformed as Long-Term Leases Cross 70% and Heavy Trucks Take 80%+ Share,article,europe
815df4cf-464a-41f0-b65d-653056d9b828,https://www.kenresearch.com/articles/india-confectionery-market-growth-but-low-exports,India Confectionery Market at USD 4.8B but Lagging in Exports,India Confectionery Market Hits USD 4.8B but Owns Under 2% of Global Exports,article,india
d2a7e001-1ee8-4e5f-89ec-bfe355d74d4d,https://www.kenresearch.com/articles/japan-transport-infrastructure-margins-outlook,Shimizu Margin Recovery in Japan Transport Infrastructure Market,Can Shimizu Corporation Sustain Its Margin Recovery in Japan’s Transportation Infrastructure Market?,article,japan
e08814e0-1cdd-47f7-b727-09584a7fbcd9,https://www.kenresearch.com/articles/india-coffee-exports-competitive-gap-analysis,Why India’s Coffee Exports Struggle to Gain Global Competitiveness,Why Has India Struggled to Become a Globally Competitive Coffee Exporter Despite Being a Top Producer?,article,india
716571e6-f1bb-455e-ad89-384e19ffceb0,https://www.kenresearch.com/articles/saudi-residential-market-growth-after-foreign-ownership-2026,"KSA Residential Market Shift: Supply, Prices & 2026 Reforms","Saudi Arabia’s Residential Market: Jan 2026 Foreign Ownership Laws, Mortgage Growth, and Rising Housing Supply",article,saudi arabia
46aa7f9d-604c-4da7-a8e5-7b526fe87c37,https://www.kenresearch.com/articles/vietnam-vaccine-market-future-2030,"Vietnam Vaccine Market Outlook: Coverage Gaps, Access, and Growth",How Is Vietnam’s 90% Vaccine Coverage Held Back by Rural Access and Import Dependency?,article,vietnam
a115b107-6c22-4c44-8d4b-fcd3e1510105,https://www.kenresearch.com/articles/global-tea-market-growth-shifts-by-region,Global Tea Market Outlook- Regional Shifts in Value Creation,"How Do 6 Key Regions Shape Supply, Demand, and Value in the Global Tea Market?",article,global
f6e0da22-092b-4a2e-ae9e-f15a762c051c,https://www.kenresearch.com/articles/india-catering-industry-future-regional-economics,India Catering Market Outlook: Regional Demand Shaping Growth,"India Catering Market Outlook 2025: Regional Economics Behind a ₹210,400 Crore Industry",article,india
2dfd3e56-fc94-407d-bc5f-0055550fa24f,https://www.kenresearch.com/articles/india-fashion-market-future-growth,"Global Fashion Market Growth Outlook 2025: India, Japan Lead","Fashion 2025: Where India’s 12–17% Surge, Japan’s 30% Luxury Boom, and Challenger Brands’ 57% Profit Share Redraw the Global Map",article,india
f87ed612-f078-4de9-9c2e-0e869f6bc0c4,https://www.kenresearch.com/articles/saudi-arabia-mining-market-growth-outlook-2030,Saudi Arabia Mining Market Growth and Vision 2030 Outlook,Saudi Arabia Mining Market 2030: Can Vision 2030 Turn USD 75 billion in Minerals into the Kingdom’s Next Growth Engine?,article,saudi arabia
14898267-c55d-45b5-b407-0729bfa04234,https://www.kenresearch.com/articles/india-wedding-industry-economic-impact-and-forecast,How India’s ₹6.5 Lakh Crore Wedding Market Fuels GDP Growth,Inside the ₹6.5 Lakh Crore India Wedding Market —The Unseen Force Behind GDP Growth,article,india
eabcaa36-8b6d-4875-9f9b-a664fa1234d7,https://www.kenresearch.com/case-studies/india-sports-equipment-industry-forecast-2025,"India Sports Equipment Market Analysis 2025 – Growth, Trends, Competition",How a Leading Indian Sports Brand Strengthened Its Market Position with Data-Driven Insights,case_study,india
5f0021e1-e72b-4139-8237-cdc5a9c62f84,https://www.kenresearch.com/case-studies/hybrid-workspace-market-trends-usa,Hybrid Workspace Market Trends in the U.S. | Ken Research,How a Global Real Estate Leader Identified High-Growth Opportunities in the U.S. Flexible Workspace Market,case_study,usa
f939a8e3-46e3-43d3-bf59-1cde05a469c9,https://www.kenresearch.com/case-studies/future-of-bus-market-uae-2025-strategic-growth,Strategic UAE Bus Market Entry by Leading Auto Conglomerate,How a Leading UAE Automotive Conglomerate Entered and Captured Share in the Country’s Growing Bus Market,case_study,uae
94f7cbe6-687d-4daf-a690-2b296045c10f,https://www.kenresearch.com/case-studies/india-vocational-training-modernization-impact-analysis,How India Skill Council Transformed Vocational Training,How a National Skill Council Revamped India’s Vocational Training Landscape through Data-Driven Insights,case_study,india
0fc2224b-0b5e-450e-87dc-bd8d5c485696,https://www.kenresearch.com/case-studies/catering-market-entry-strategy-ksa-data-assessment,How a Global Food Leader Identified Opportunities in KSA Catering Market,How a Global Fresh Food Leader Uncovered Growth Opportunities in Saudi Arabia’s Catering Market through Data-Driven Market Assessment,case_study,saudi arabia
00fc9bf2-0ca3-485c-9b01-da4b77cda647,https://www.kenresearch.com/case-studies/cold-storage-market-strategy-saudi-arabia,Saudi Arabia Cold Storage Market Insights and Investment Opportunities,How Competitive Benchmarking Helped Identify 15 High-ROI Cold Storage Sites in Saudi Arabia,case_study,saudi arabia
53dfca7a-2465-4a6e-be89-21a98d48495d,https://www.kenresearch.com/case-studies/india-plastic-pipes-market-outlook-2025-opportunities,"India Plastic Pipes Market Outlook 2025 | Growth Strategy, Competition & Regional Insights",How a Leading Polymer Pipes Manufacturer Strengthened Its Market Position Through Regional Demand Mapping and Competitive Benchmarking,case_study,india
466df6db-a719-4882-8ec9-e0c85378d4f9,https://www.kenresearch.com/case-studies/fmcg-supply-chain-transformation-southeast-asia,Warehousing Efficiency Benchmark in Singapore & Malaysia,How a Leading FMCG Conglomerate Optimized Warehousing Efficiency Across Singapore and Malaysia Through Strategic Supplier Identification,case_study,southeast asia
d5acd21c-3a58-4d72-8772-769d4c773c37,https://www.kenresearch.com/case-studies/india-power-tools-market-intelligence-growth-plan,"Power Tool Market Entry in India: Strategy, Insights & 2X Growth",How Market Intelligence Shaped a Profitable Launch Plan for a Leading Power Tool Maker in India,case_study,india
3289c490-20d2-4767-9aef-8f74737f1040,https://www.kenresearch.com/case-studies/india-cement-industry-benchmarking-and-brand-strategy,India Cement Market: Competitive Benchmarking & Differentiation Insights,What Helped a Leading Cement Manufacturer Benchmark 30+ Competitors and Refine Its Differentiation Strategy,case_study,india
fd9d927c-97ae-4920-8f9b-6a5c1d60098c,https://www.kenresearch.com/case-studies/uae-it-services-market-growth-opportunity,How UAE IT Firms Can Unlock New Growth Pathways,How a Leading UAE IT Services Provider Discovered New Growth Pathways Amid Rising Competition,case_study,uae
6ea38115-5357-46d3-aae3-5769fca4cbce,https://www.kenresearch.com/case-studies/india-corporate-branding-awareness-gap-analysis,Strengthening Corporate Identity in India | Brand Strategy by Ken Research,How an Indian Conglomerate Strengthened Brand Awareness and Unified Market Perception Through a Nationwide Industry Survey,case_study,india
39686471-afde-4ed3-a624-a68a3669be5c,https://www.kenresearch.com/case-studies/indonesia-data-centre-market-expansion-ken-research,How Ken Research Helped a Data Centre Brand Win Indonesia’s Enterprise Cloud Market,How a Qualitative Brand Perception Survey with 40 B2B End-Users Helped a Data Centre Player Secure 20+ Enterprise Customers,case_study,indonesia
87e11abf-5995-4c90-8f53-d10b94a159a0,https://www.kenresearch.com/case-studies/quantitative-brand-survey-digital-infrastructure-india,Data Center Brand Perception Survey Insights in India | Ken Research,Quantitative Brand Perception Survey Strengthening Market Position in India’s Data Center Industry,case_study,india
4427b4b3-46a1-4294-aec2-9d0caa99041b,https://www.kenresearch.com/case-studies/b2b-elearning-market-trends-india-it-sector,"India E-learning Market 2025: Digital Skilling, Acquisition Valuation & GTM","How a Customer Survey of 1,100+ Professionals Strengthened a Strategic E-Learning Acquisition",case_study,india
04dffefc-08b5-4b09-a05d-a4ad457c79fc,https://www.kenresearch.com/case-studies/dealer-visibility-gaps-consumer-durables-market-insights,Consumer Durables Dealer Engagement Study in North India | Ken Research,How Ken Research Identified Visibility Gaps and Dealer Enablement Barriers for a Consumer Durables Brand in North India,case_study,global
f973b931-e197-4d6a-9883-4bc9dd9fe5c8,https://www.kenresearch.com/case-studies/global-parking-solutions-market-us-entry-strategy,Parking Giant Secures 10% Share in U.S. Market,How a Global Parking Solutions Provider Secured 10% Market Share in the U.S. Market,case_study,global
3d9e1306-a343-46ec-9256-80c2c5e19a72,https://www.kenresearch.com/case-studies/asian-electronics-market-ipo-readiness-valuation-uplift,Asian Electronics Market Leader Bridges Valuation Gaps for IPO Success,How a Leading Asian Manufacturing Conglomerate Bridged Valuation Gaps to Achieve IPO Readiness,case_study,global
b593d449-8690-47ea-95d3-f1ad24e9ce98,https://www.kenresearch.com/case-studies/us-acai-cafe-expansion-middle-east-strategy,How Acai Café Expanded into KSA & UAE with Data-Backed Strategy,How a Leading US-Based Acai Café Chain Successfully Entered the KSA and UAE Markets with a Data-Backed Expansion Roadmap,case_study,usa
2e2114ee-1a94-4514-9159-0ca2625621f8,https://www.kenresearch.com/case-studies/ipo-readiness-2025-valuation-governance-trends,Boosting IPO Valuation with ESG and Governance Strategy | Ken Research,How a Leading Asian Manufacturing Firm Navigated Valuation Gaps Before Public Listing,case_study,global
78f0fcfc-78da-4744-9262-cf0356952730,https://www.kenresearch.com/case-studies/nbfc-expansion-geo-mapping-case-study-india,NBFC Expansion Strategy in South India: Mapping 29 Clusters,How a Leading NBFC Mapped 29 Micro-Clusters Across Southern India to Launch 12+ New POS Locations and Accelerate Market Expansion,case_study,india
b6bd3db7-353f-48ea-8e65-55ea80511ceb,https://www.kenresearch.com/case-studies/dealership-expansion-india-automobile-market-strategy,How 7S Model Transformed India Automobile Market Expansion Strategy,How a Leading Indian Passenger Car Manufacturer Used a 7S-Aligned Strategy to Add 10+ New Dealerships in High-Potential Catchment Areas,case_study,india
ab0b2787-65e8-48ac-8969-2a3aff6826d2,https://www.kenresearch.com/case-studies/qatar-restaurant-market-penetration-strategy,How a Retail Group Achieved 10% QSR Market Share in Qatar,How a Regional Consumer Retail Group Achieved 10% Market Penetration in Qatar’s Restaurant Industry Within One Year,case_study,qatar
c519e626-174e-463f-8ae2-69b9607050e3,https://www.kenresearch.com/case-studies/strategic-benchmarking-ipo-readiness-case-study,Strategic Benchmarking Drove IPO Valuation and Oversubscription,How Strategic Benchmarking Elevated Valuation and Secured IPO Oversubscription,case_study,global
13029720-0807-49f9-ae11-f0939271c65b,https://www.kenresearch.com/case-studies/indonesia-dental-services-market-entry-strategy-success,Indonesia Dental Services Market Entry Strategy Success,How a Leading Global Healthcare Provider Successfully Entered Indonesia’s Dental Services Market with 10+ Clinics,case_study,indonesia
6bc3a1d7-204e-4b98-a840-e44ad693e1b7,https://www.kenresearch.com/case-studies/qatar-catering-meal-pricing-gtm-profitability,"Qatar Catering Market Entry Strategy | Pricing, Segments & GTM Roadmap",How a Regional F&B Distributor Built a Winning GTM Strategy for Qatar’s Catering Market,case_study,qatar
aa85e560-3385-48e8-a511-c117cd0f351a,https://www.kenresearch.com/case-studies/philippine-bank-digital-finance-expansion-strategy,Philippine Bank Market Expansion & CASA Deposit Growth,How a Leading Philippine Bank Boosted Consumer Financing and Retail Deposits Through Strategic Market Expansion,case_study,global
734991b8-a9dc-46ea-b474-885f36b9068d,https://www.kenresearch.com/case-studies/ksa-luggage-market-growth-opportunity,Effective GTM Strategy for Luggage Market Expansion in KSA,How a GTM strategy assisted a well-known brand in entering the luggage market and expanding to 5 EMBOs and 10 MBOs in KSA,case_study,saudi arabia
9a2c14ee-a18c-47a9-ab81-cfa9f93567a0,https://www.kenresearch.com/case-studies/policy-impact-on-india-packaging-and-material-handling,India B2B Packaging Market: Pricing Strategy & GTM Insights | Ken Research,"How a company successfully launched ventured into online B2B packaging platform and added 200+ packaging suppliers, 100+ Raw material providers and 20+ FMCG players",case_study,india
7e1ab6f4-dd6b-453e-bfcb-bbbf51789c4e,https://www.kenresearch.com/case-studies/india-tile-market-entry-china-strategy,How an Indian Tile Giant Captured 15% Market Share in China with Ken Research,Achieving a 25% Annual Growth Rate: A Data-Driven Strategy for Entering China’s Competitive Tile Market,case_study,india
19b5ba4b-d2a2-45d6-aa91-748bf9ec923b,https://www.kenresearch.com/case-studies/uae-cold-storage-market-expansion-strategies,UAE Cold Storage Market Insights & Growth Strategies,How a Global Logistics Leader Entered the UAE Cold Storage Market- A 20% Faster Market Entry and 18% ROI with Ken Research’s Strategic Guidance,case_study,uae
4240b125-2e62-4b53-9d64-4690659e66db,https://www.kenresearch.com/case-studies/packaging-market-entry-strategy-india,How a B2B Packaging Marketplace Boosted Revenue by 25% with Ken Research,"How Ken Research Empowered a B2B Marketplace to Add 200+ Packaging Suppliers, 100 FMCG Players, and 20 Raw Material Providers",case_study,india
